ID,Date,IUCR,Arrest,Domestic,District,ComArea,Latitude,Longitude
"","",Block,Location Description,Arrest,Beat,Ward,Updated On,Latitude
2126730,2001-01-01T00:00:00.000Z,0281,False,False,16.0,10.0,41.986663058,-87.778803492
2277171,2001-01-01T00:00:00.000Z,1752,False,False,6.0,69.0,41.754802305,-87.598146873
2280620,2001-01-01T00:00:00.000Z,0840,False,False,9.0,61.0,41.806310965,-87.674781621
2353946,2001-01-01T00:00:00.000Z,0841,False,False,9.0,58.0,41.812451386,-87.694479455
2393821,2001-01-01T00:00:00.000Z,1195,False,False,9.0,58.0,41.815117893,-87.686954793
2429863,2001-01-01T00:00:00.000Z,1120,False,False,22.0,72.0,41.720449455,-87.681904417
2443081,2001-01-01T00:00:00.000Z,0810,False,False,2.0,39.0,41.805231607,-87.596903083
2561460,2001-01-01T00:00:00.000Z,0840,False,False,18.0,7.0,41.919153179,-87.636401731
2613368,2001-01-01T00:00:00.000Z,0841,False,False,8.0,66.0,41.780622885,-87.707393268
2616775,2001-01-01T00:00:00.000Z,1752,False,False,24.0,1.0,42.011788612,-87.672485973
2619446,2001-01-01T00:00:00.000Z,1754,False,False,10.0,30.0,41.850385805,-87.715107802
2621045,2001-01-01T00:00:00.000Z,1750,False,True,25.0,19.0,41.924525836,-87.773161135
2676160,2001-01-01T00:00:00.000Z,1563,False,False,9.0,61.0,41.80544954,-87.654092913
2717983,2001-01-01T00:00:00.000Z,1751,False,False,15.0,25.0,41.9019419,-87.771705566
2743135,2001-01-01T00:00:00.000Z,0266,True,False,17.0,16.0,41.953708013,-87.699309457
2747154,2001-01-01T00:00:00.000Z,1751,True,False,11.0,27.0,41.872037709,-87.713019328
4803028,2001-01-01T00:00:00.000Z,1753,True,False,8.0,62.0,41.791518681,-87.729098793
4803606,2001-01-01T00:00:00.000Z,0840,False,False,9.0,59.0,41.834522994,-87.682642417
4835774,2001-01-01T00:00:00.000Z,0842,False,False,8.0,70.0,41.748448075,-87.679202816
5044499,2001-01-01T00:00:00.000Z,0840,False,False,9.0,61.0,41.799263603,-87.670955259
5091512,2001-01-01T00:00:00.000Z,0840,False,False,7.0,67.0,41.789165627,-87.663083724
5233406,2001-01-01T00:00:00.000Z,0810,True,False,12.0,28.0,41.879258911,-87.651262835
5508664,2001-01-01T00:00:00.000Z,0266,False,True,11.0,23.0,41.898040875,-87.725087394
5581125,2001-01-01T00:00:00.000Z,1140,True,False,12.0,28.0,41.861442825,-87.660027716
5691515,2001-01-01T00:00:00.000Z,0840,False,False,7.0,67.0,41.764001779,-87.656289668
5746138,2001-01-01T00:00:00.000Z,1751,True,True,10.0,29.0,41.863025734,-87.709501406
5751070,2001-01-01T00:00:00.000Z,0841,False,False,1.0,28.0,41.881734075,-87.642059728
5785840,2001-01-01T00:00:00.000Z,0266,False,False,4.0,46.0,41.751008408,-87.557878302
5926227,2001-01-01T00:00:00.000Z,0840,False,False,22.0,49.0,41.687650803,-87.6327187
5952122,2001-01-01T00:00:00.000Z,0840,False,False,14.0,22.0,41.923753771,-87.69663336
5975923,2001-01-01T00:00:00.000Z,1562,False,False,10.0,29.0,41.863909291,-87.706963383
6040504,2001-01-01T00:00:00.000Z,1751,False,False,10.0,29.0,41.856707412,-87.712855481
6110799,2001-01-01T00:00:00.000Z,1754,False,False,15.0,25.0,41.878582384,-87.766578389
6483603,2001-01-01T00:00:00.000Z,0266,False,True,20.0,77.0,41.986229998,-87.664562732
6655075,2001-01-01T00:00:00.000Z,1562,False,True,7.0,68.0,41.789052743,-87.653679331
6739668,2001-01-01T00:00:00.000Z,0840,False,False,18.0,8.0,41.896660307,-87.624110268
6742268,2001-01-01T00:00:00.000Z,1754,False,False,6.0,71.0,41.755090605,-87.652502144
6835516,2001-01-01T00:00:00.000Z,1562,False,True,17.0,16.0,41.955470999,-87.719732867
6884455,2001-01-01T00:00:00.000Z,0266,False,True,11.0,26.0,41.877035811,-87.738593651
7028627,2001-01-01T00:00:00.000Z,0840,False,False,5.0,50.0,41.714664586,-87.603831072
7122679,2001-01-01T00:00:00.000Z,0840,False,False,20.0,3.0,41.972573024,-87.652114211
7208412,2001-01-01T00:00:00.000Z,1754,False,False,5.0,49.0,41.702604761,-87.632285405
7277327,2001-01-01T00:00:00.000Z,0841,False,False,10.0,30.0,41.848635623,-87.700116823
7331615,2001-01-01T00:00:00.000Z,0840,False,False,5.0,49.0,41.700687359,-87.619500705
7451703,2001-01-01T00:00:00.000Z,1752,False,False,9.0,58.0,41.822690348,-87.694491418
7540536,2001-01-01T00:00:00.000Z,0840,False,False,25.0,22.0,41.916126623,-87.718107475
7548864,2001-01-01T00:00:00.000Z,0842,False,False,25.0,23.0,41.910524926,-87.733532609
7829546,2001-01-01T00:00:00.000Z,0840,False,False,12.0,27.0,41.88631852,-87.705899872
8146039,2001-01-01T00:00:00.000Z,0266,False,False,25.0,19.0,41.925143516,-87.745217143
8175138,2001-01-01T00:00:00.000Z,1752,False,True,22.0,75.0,41.690529005,-87.669128253
8197725,2001-01-01T00:00:00.000Z,0266,False,True,11.0,23.0,41.8974761,-87.711355397
8339048,2001-01-01T00:00:00.000Z,0840,False,False,15.0,25.0,"",""
9442043,2001-01-01T00:00:00.000Z,0266,False,False,11.0,26.0,"",""
9652075,2001-01-01T00:00:00.000Z,0266,False,False,11.0,27.0,"",""
9755231,2001-01-01T00:00:00.000Z,1562,False,False,10.0,29.0,"",""
9747360,2001-01-01T00:00:00.000Z,1562,False,False,10.0,29.0,"",""
9748492,2001-01-01T00:00:00.000Z,1562,False,False,10.0,29.0,"",""
9748516,2001-01-01T00:00:00.000Z,1562,False,False,10.0,29.0,"",""
9755180,2001-01-01T00:00:00.000Z,1562,False,False,10.0,29.0,"",""
9754865,2001-01-01T00:00:00.000Z,1562,False,False,10.0,29.0,"",""
9754894,2001-01-01T00:00:00.000Z,1562,False,False,10.0,29.0,"",""
9754946,2001-01-01T00:00:00.000Z,1562,False,False,10.0,29.0,"",""
9754953,2001-01-01T00:00:00.000Z,1562,False,False,10.0,29.0,"",""
9754963,2001-01-01T00:00:00.000Z,1562,False,False,10.0,29.0,"",""
9754968,2001-01-01T00:00:00.000Z,1562,False,False,10.0,29.0,"",""
9754973,2001-01-01T00:00:00.000Z,1562,False,False,10.0,29.0,"",""
9754975,2001-01-01T00:00:00.000Z,1562,False,False,10.0,29.0,"",""
9754994,2001-01-01T00:00:00.000Z,1562,False,False,10.0,29.0,"",""
9755056,2001-01-01T00:00:00.000Z,1562,False,False,10.0,29.0,"",""
9755066,2001-01-01T00:00:00.000Z,1562,False,False,10.0,29.0,"",""
9755072,2001-01-01T00:00:00.000Z,1562,False,False,10.0,29.0,"",""
9755080,2001-01-01T00:00:00.000Z,1562,False,False,10.0,29.0,"",""
9755089,2001-01-01T00:00:00.000Z,1562,False,False,10.0,29.0,"",""
9755100,2001-01-01T00:00:00.000Z,1562,False,False,10.0,29.0,"",""
9755112,2001-01-01T00:00:00.000Z,1562,False,False,10.0,29.0,"",""
9755122,2001-01-01T00:00:00.000Z,1562,False,False,10.0,29.0,"",""
9755126,2001-01-01T00:00:00.000Z,1562,False,False,10.0,29.0,"",""
9755147,2001-01-01T00:00:00.000Z,1562,False,False,10.0,29.0,"",""
9755149,2001-01-01T00:00:00.000Z,1562,False,False,10.0,29.0,"",""
9755158,2001-01-01T00:00:00.000Z,1562,False,False,10.0,29.0,"",""
9755169,2001-01-01T00:00:00.000Z,1562,False,False,10.0,29.0,"",""
9755198,2001-01-01T00:00:00.000Z,1562,False,False,10.0,29.0,"",""
9755209,2001-01-01T00:00:00.000Z,1562,False,False,10.0,29.0,"",""
9755214,2001-01-01T00:00:00.000Z,1562,False,False,10.0,29.0,"",""
9755238,2001-01-01T00:00:00.000Z,1562,False,False,10.0,29.0,"",""
9755245,2001-01-01T00:00:00.000Z,1562,False,False,10.0,29.0,"",""
9755248,2001-01-01T00:00:00.000Z,1562,False,False,10.0,29.0,"",""
9863118,2001-01-01T00:00:00.000Z,1562,False,False,10.0,29.0,"",""
9959537,2001-01-01T00:00:00.000Z,1752,False,True,16.0,17.0,"",""
1309885,2001-01-01T00:00:00.000Z,1320,False,False,19.0,"",41.963705611,-87.650116531
1309913,2001-01-01T00:00:00.000Z,1310,False,False,2.0,"",41.844745115,-87.621968071
1310162,2001-01-01T00:00:00.000Z,1320,False,False,8.0,"",41.747712773,-87.712370684
1310313,2001-01-01T00:00:00.000Z,1310,False,False,22.0,"",41.694977232,-87.671447845
1310494,2001-01-01T00:00:00.000Z,1320,False,False,18.0,"",41.890741624,-87.628671125
1310513,2001-01-01T00:00:00.000Z,0810,False,False,10.0,"",41.848678639,-87.677463341
1310541,2001-01-01T00:00:00.000Z,0460,False,False,4.0,"",41.753316255,-87.563985474
1310724,2001-01-01T00:00:00.000Z,1310,False,False,8.0,"",41.782030175,-87.690891368
1310854,2001-01-01T00:00:00.000Z,1320,False,False,24.0,"",42.008635121,-87.686868567
1310933,2001-01-01T00:00:00.000Z,0810,False,False,1.0,"",41.886703808,-87.628054456
1311351,2001-01-01T00:00:00.000Z,0620,False,False,9.0,"","",""
1311655,2001-01-01T00:00:00.000Z,0810,False,False,5.0,"",41.673024796,-87.651647315
1311905,2001-01-01T00:00:00.000Z,1130,False,False,7.0,"",41.787732833,-87.650917495
1312153,2001-01-01T00:00:00.000Z,1310,False,False,15.0,"",41.886130325,-87.75909702
1312179,2001-01-01T00:00:00.000Z,1310,False,False,15.0,"",41.874861694,-87.745391944
1312432,2001-01-01T00:00:00.000Z,0820,False,False,3.0,"",41.784258071,-87.612201911
1313893,2001-01-01T00:00:00.000Z,1310,False,False,14.0,"",41.936549915,-87.697097823
1316070,2001-01-01T00:00:00.000Z,2820,False,False,10.0,"",41.84705874,-87.7277947
1318802,2001-01-01T00:00:00.000Z,0820,False,True,5.0,"",41.66782394,-87.622155017
1320404,2001-01-01T00:00:00.000Z,1310,False,False,18.0,"",41.916592082,-87.648594807
1322043,2001-01-01T00:00:00.000Z,1310,False,False,8.0,"",41.782292325,-87.684798685
1322501,2001-01-01T00:00:00.000Z,0820,False,False,11.0,"",41.899046677,-87.730036643
1329588,2001-01-01T00:00:00.000Z,0820,False,False,3.0,"",41.783961993,-87.606155349
1352564,2001-01-01T00:00:00.000Z,0820,False,False,14.0,"",41.914955409,-87.693605188
1353509,2001-01-01T00:00:00.000Z,1150,False,False,11.0,"",41.87821192,-87.711432075
1357088,2001-01-01T00:00:00.000Z,1150,False,False,17.0,"",41.995267432,-87.729044138
1362018,2001-01-01T00:00:00.000Z,0560,False,False,25.0,"",41.903597909,-87.724042825
1369398,2001-01-01T00:00:00.000Z,1120,False,False,19.0,"",41.941359919,-87.67221762
1370270,2001-01-01T00:00:00.000Z,0820,False,False,15.0,"",41.886271732,-87.773282434
1370284,2001-01-01T00:00:00.000Z,0820,False,False,15.0,"",41.886271732,-87.773282434
1374123,2001-01-01T00:00:00.000Z,0820,False,False,8.0,"",41.810679064,-87.747061323
1392468,2001-01-01T00:00:00.000Z,1210,False,False,12.0,"",41.893824874,-87.686272003
1403263,2001-01-01T00:00:00.000Z,1120,False,False,6.0,"",41.741163326,-87.617740827
1413854,2001-01-01T00:00:00.000Z,0820,False,False,9.0,"",41.799993307,-87.703599627
1432149,2001-01-01T00:00:00.000Z,2825,False,False,18.0,"",41.899161316,-87.619843746
1448635,2001-01-01T00:00:00.000Z,1140,False,False,17.0,"",41.994815901,-87.714344716
1448953,2001-01-01T00:00:00.000Z,0560,False,True,24.0,"",41.994699275,-87.657186625
1520951,2001-01-01T00:00:00.000Z,0840,False,False,6.0,"",41.748623027,-87.608654109
1535712,2001-01-01T00:00:00.000Z,1140,True,False,16.0,"",41.976200173,-87.905312411
1541842,2001-01-01T00:00:00.000Z,1140,True,False,16.0,"","",""
1548960,2001-01-01T00:00:00.000Z,0840,False,False,7.0,"",41.779460368,-87.671353407
1559213,2001-01-01T00:00:00.000Z,2825,False,False,9.0,"",41.798552125,-87.660913825
1559473,2001-01-01T00:00:00.000Z,2825,False,False,5.0,"",41.679907896,-87.65308654
1570587,2001-01-01T00:00:00.000Z,0810,False,False,19.0,"",41.938952432,-87.638163582
1612702,2001-01-01T00:00:00.000Z,0840,False,False,7.0,"",41.780141158,-87.670437143
1651806,2001-01-01T00:00:00.000Z,0841,False,False,19.0,"",41.938484782,-87.656343697
1692462,2001-01-01T00:00:00.000Z,2820,False,False,8.0,"",41.777537944,-87.761551613
1698416,2001-01-01T00:00:00.000Z,2825,False,False,19.0,"",41.937932595,-87.672253021
1721651,2001-01-01T00:00:00.000Z,0840,False,False,2.0,"",41.836487007,-87.617010173
1780042,2001-01-01T00:00:00.000Z,2825,False,False,22.0,"",41.702753949,-87.636509707
1818198,2001-01-01T00:00:00.000Z,0840,False,False,19.0,"",41.960327584,-87.65615298
1843192,2001-01-01T00:00:00.000Z,0840,False,False,11.0,"",41.900473169,-87.719069548
1868152,2001-01-01T00:00:00.000Z,1751,False,False,10.0,"",41.844977579,-87.730210891
1926282,2001-01-01T00:00:00.000Z,1752,False,False,22.0,"",41.706117148,-87.646313643
1927872,2001-01-01T00:00:00.000Z,0842,False,False,8.0,"",41.778093536,-87.770136754
1968773,2001-01-01T00:00:00.000Z,0840,False,False,20.0,"",41.987212087,-87.655150872
10473864,2001-01-01T00:00:00.000Z,1582,False,False,12.0,28.0,"",""
2039846,2001-01-01T00:00:00.000Z,0840,False,False,5.0,"",41.678886683,-87.618665456
2043912,2001-01-01T00:00:00.000Z,1754,True,False,9.0,"",41.797757721,-87.6879581
2892192,2001-01-01T00:00:00.000Z,0840,False,False,8.0,66.0,41.777203808,-87.705941698
2893567,2001-01-01T00:00:00.000Z,0840,False,False,22.0,71.0,41.734716977,-87.654377051
2896880,2001-01-01T00:00:00.000Z,1754,False,False,2.0,38.0,41.804196589,-87.626095537
2980108,2001-01-01T00:00:00.000Z,0840,False,False,16.0,15.0,41.96323831,-87.778194071
3101655,2001-01-01T00:00:00.000Z,1750,False,True,3.0,43.0,41.761679294,-87.55844258
3164436,2001-01-01T00:00:00.000Z,0840,False,False,11.0,26.0,41.874375259,-87.732530526
3180127,2001-01-01T00:00:00.000Z,0840,False,False,6.0,69.0,41.752061911,-87.607827503
3180511,2001-01-01T00:00:00.000Z,0841,False,False,12.0,24.0,41.901775541,-87.67097679
3182190,2001-01-01T00:00:00.000Z,0840,False,False,22.0,73.0,41.71149872,-87.65508291
3182762,2001-01-01T00:00:00.000Z,1720,False,False,6.0,71.0,41.737477456,-87.672686062
3214584,2001-01-01T00:00:00.000Z,0840,False,False,22.0,71.0,41.732562934,-87.669922721
3272413,2001-01-01T00:00:00.000Z,0842,False,False,6.0,71.0,41.756086589,-87.642812325
4803028,2001-01-01T00:00:00.000Z,1753,True,False,8.0,62.0,41.791518681,-87.729098793
4803606,2001-01-01T00:00:00.000Z,0840,False,False,9.0,59.0,41.834522994,-87.682642417
4835774,2001-01-01T00:00:00.000Z,0842,False,False,8.0,70.0,41.748448075,-87.679202816
5044499,2001-01-01T00:00:00.000Z,0840,False,False,9.0,61.0,41.799263603,-87.670955259
5091512,2001-01-01T00:00:00.000Z,0840,False,False,7.0,67.0,41.789165627,-87.663083724
5233406,2001-01-01T00:00:00.000Z,0810,True,False,12.0,28.0,41.879258911,-87.651262835
5508664,2001-01-01T00:00:00.000Z,0266,False,True,11.0,23.0,41.898040875,-87.725087394
5581125,2001-01-01T00:00:00.000Z,1140,True,False,12.0,28.0,41.861442825,-87.660027716
5691515,2001-01-01T00:00:00.000Z,0840,False,False,7.0,67.0,41.764001779,-87.656289668
5746138,2001-01-01T00:00:00.000Z,1751,True,True,10.0,29.0,41.863025734,-87.709501406
5751070,2001-01-01T00:00:00.000Z,0841,False,False,1.0,28.0,41.881734075,-87.642059728
5785840,2001-01-01T00:00:00.000Z,0266,False,False,4.0,46.0,41.751008408,-87.557878302
5926227,2001-01-01T00:00:00.000Z,0840,False,False,22.0,49.0,41.687650803,-87.6327187
5952122,2001-01-01T00:00:00.000Z,0840,False,False,14.0,22.0,41.923753771,-87.69663336
5975923,2001-01-01T00:00:00.000Z,1562,False,False,10.0,29.0,41.863909291,-87.706963383
6040504,2001-01-01T00:00:00.000Z,1751,False,False,10.0,29.0,41.856707412,-87.712855481
6110799,2001-01-01T00:00:00.000Z,1754,False,False,15.0,25.0,41.878582384,-87.766578389
6483603,2001-01-01T00:00:00.000Z,0266,False,True,20.0,77.0,41.986229998,-87.664562732
6655075,2001-01-01T00:00:00.000Z,1562,False,True,7.0,68.0,41.789052743,-87.653679331
6739668,2001-01-01T00:00:00.000Z,0840,False,False,18.0,8.0,41.896660307,-87.624110268
6742268,2001-01-01T00:00:00.000Z,1754,False,False,6.0,71.0,41.755090605,-87.652502144
6835516,2001-01-01T00:00:00.000Z,1562,False,True,17.0,16.0,41.955470999,-87.719732867
6884455,2001-01-01T00:00:00.000Z,0266,False,True,11.0,26.0,41.877035811,-87.738593651
7028627,2001-01-01T00:00:00.000Z,0840,False,False,5.0,50.0,41.714664586,-87.603831072
7122679,2001-01-01T00:00:00.000Z,0840,False,False,20.0,3.0,41.972573024,-87.652114211
7208412,2001-01-01T00:00:00.000Z,1754,False,False,5.0,49.0,41.702604761,-87.632285405
7277327,2001-01-01T00:00:00.000Z,0841,False,False,10.0,30.0,41.848635623,-87.700116823
7331615,2001-01-01T00:00:00.000Z,0840,False,False,5.0,49.0,41.700687359,-87.619500705
7451703,2001-01-01T00:00:00.000Z,1752,False,False,9.0,58.0,41.822690348,-87.694491418
7540536,2001-01-01T00:00:00.000Z,0840,False,False,25.0,22.0,41.916126623,-87.718107475
7548864,2001-01-01T00:00:00.000Z,0842,False,False,25.0,23.0,41.910524926,-87.733532609
7829546,2001-01-01T00:00:00.000Z,0840,False,False,12.0,27.0,41.88631852,-87.705899872
8146039,2001-01-01T00:00:00.000Z,0266,False,False,25.0,19.0,41.925143516,-87.745217143
8175138,2001-01-01T00:00:00.000Z,1752,False,True,22.0,75.0,41.690529005,-87.669128253
8197725,2001-01-01T00:00:00.000Z,0266,False,True,11.0,23.0,41.8974761,-87.711355397
8339048,2001-01-01T00:00:00.000Z,0840,False,False,15.0,25.0,"",""
9442043,2001-01-01T00:00:00.000Z,0266,False,False,11.0,26.0,"",""
9652075,2001-01-01T00:00:00.000Z,0266,False,False,11.0,27.0,"",""
9755231,2001-01-01T00:00:00.000Z,1562,False,False,10.0,29.0,"",""
9747360,2001-01-01T00:00:00.000Z,1562,False,False,10.0,29.0,"",""
9748492,2001-01-01T00:00:00.000Z,1562,False,False,10.0,29.0,"",""
9748516,2001-01-01T00:00:00.000Z,1562,False,False,10.0,29.0,"",""
9755180,2001-01-01T00:00:00.000Z,1562,False,False,10.0,29.0,"",""
9754865,2001-01-01T00:00:00.000Z,1562,False,False,10.0,29.0,"",""
9754894,2001-01-01T00:00:00.000Z,1562,False,False,10.0,29.0,"",""
9754946,2001-01-01T00:00:00.000Z,1562,False,False,10.0,29.0,"",""
9754953,2001-01-01T00:00:00.000Z,1562,False,False,10.0,29.0,"",""
9754963,2001-01-01T00:00:00.000Z,1562,False,False,10.0,29.0,"",""
9754968,2001-01-01T00:00:00.000Z,1562,False,False,10.0,29.0,"",""
9754973,2001-01-01T00:00:00.000Z,1562,False,False,10.0,29.0,"",""
9754975,2001-01-01T00:00:00.000Z,1562,False,False,10.0,29.0,"",""
9754994,2001-01-01T00:00:00.000Z,1562,False,False,10.0,29.0,"",""
9755056,2001-01-01T00:00:00.000Z,1562,False,False,10.0,29.0,"",""
9755066,2001-01-01T00:00:00.000Z,1562,False,False,10.0,29.0,"",""
9755072,2001-01-01T00:00:00.000Z,1562,False,False,10.0,29.0,"",""
9755080,2001-01-01T00:00:00.000Z,1562,False,False,10.0,29.0,"",""
9755089,2001-01-01T00:00:00.000Z,1562,False,False,10.0,29.0,"",""
9755100,2001-01-01T00:00:00.000Z,1562,False,False,10.0,29.0,"",""
9755112,2001-01-01T00:00:00.000Z,1562,False,False,10.0,29.0,"",""
9755122,2001-01-01T00:00:00.000Z,1562,False,False,10.0,29.0,"",""
9755126,2001-01-01T00:00:00.000Z,1562,False,False,10.0,29.0,"",""
9755147,2001-01-01T00:00:00.000Z,1562,False,False,10.0,29.0,"",""
9755149,2001-01-01T00:00:00.000Z,1562,False,False,10.0,29.0,"",""
9755158,2001-01-01T00:00:00.000Z,1562,False,False,10.0,29.0,"",""
9755169,2001-01-01T00:00:00.000Z,1562,False,False,10.0,29.0,"",""
9755198,2001-01-01T00:00:00.000Z,1562,False,False,10.0,29.0,"",""
9755209,2001-01-01T00:00:00.000Z,1562,False,False,10.0,29.0,"",""
9755214,2001-01-01T00:00:00.000Z,1562,False,False,10.0,29.0,"",""
9755238,2001-01-01T00:00:00.000Z,1562,False,False,10.0,29.0,"",""
9755245,2001-01-01T00:00:00.000Z,1562,False,False,10.0,29.0,"",""
9755248,2001-01-01T00:00:00.000Z,1562,False,False,10.0,29.0,"",""
9863118,2001-01-01T00:00:00.000Z,1562,False,False,10.0,29.0,"",""
9959537,2001-01-01T00:00:00.000Z,1752,False,True,16.0,17.0,"",""
1309885,2001-01-01T00:00:00.000Z,1320,False,False,19.0,"",41.963705611,-87.650116531
1309913,2001-01-01T00:00:00.000Z,1310,False,False,2.0,"",41.844745115,-87.621968071
1310162,2001-01-01T00:00:00.000Z,1320,False,False,8.0,"",41.747712773,-87.712370684
1310313,2001-01-01T00:00:00.000Z,1310,False,False,22.0,"",41.694977232,-87.671447845
1310494,2001-01-01T00:00:00.000Z,1320,False,False,18.0,"",41.890741624,-87.628671125
1310513,2001-01-01T00:00:00.000Z,0810,False,False,10.0,"",41.848678639,-87.677463341
1310541,2001-01-01T00:00:00.000Z,0460,False,False,4.0,"",41.753316255,-87.563985474
1310724,2001-01-01T00:00:00.000Z,1310,False,False,8.0,"",41.782030175,-87.690891368
1310854,2001-01-01T00:00:00.000Z,1320,False,False,24.0,"",42.008635121,-87.686868567
1310933,2001-01-01T00:00:00.000Z,0810,False,False,1.0,"",41.886703808,-87.628054456
1311351,2001-01-01T00:00:00.000Z,0620,False,False,9.0,"","",""
1311655,2001-01-01T00:00:00.000Z,0810,False,False,5.0,"",41.673024796,-87.651647315
1311905,2001-01-01T00:00:00.000Z,1130,False,False,7.0,"",41.787732833,-87.650917495
1312153,2001-01-01T00:00:00.000Z,1310,False,False,15.0,"",41.886130325,-87.75909702
1312179,2001-01-01T00:00:00.000Z,1310,False,False,15.0,"",41.874861694,-87.745391944
1312432,2001-01-01T00:00:00.000Z,0820,False,False,3.0,"",41.784258071,-87.612201911
1313893,2001-01-01T00:00:00.000Z,1310,False,False,14.0,"",41.936549915,-87.697097823
1316070,2001-01-01T00:00:00.000Z,2820,False,False,10.0,"",41.84705874,-87.7277947
1318802,2001-01-01T00:00:00.000Z,0820,False,True,5.0,"",41.66782394,-87.622155017
1320404,2001-01-01T00:00:00.000Z,1310,False,False,18.0,"",41.916592082,-87.648594807
1322043,2001-01-01T00:00:00.000Z,1310,False,False,8.0,"",41.782292325,-87.684798685
1322501,2001-01-01T00:00:00.000Z,0820,False,False,11.0,"",41.899046677,-87.730036643
1329588,2001-01-01T00:00:00.000Z,0820,False,False,3.0,"",41.783961993,-87.606155349
1352564,2001-01-01T00:00:00.000Z,0820,False,False,14.0,"",41.914955409,-87.693605188
1353509,2001-01-01T00:00:00.000Z,1150,False,False,11.0,"",41.87821192,-87.711432075
1357088,2001-01-01T00:00:00.000Z,1150,False,False,17.0,"",41.995267432,-87.729044138
1362018,2001-01-01T00:00:00.000Z,0560,False,False,25.0,"",41.903597909,-87.724042825
1369398,2001-01-01T00:00:00.000Z,1120,False,False,19.0,"",41.941359919,-87.67221762
1370270,2001-01-01T00:00:00.000Z,0820,False,False,15.0,"",41.886271732,-87.773282434
1370284,2001-01-01T00:00:00.000Z,0820,False,False,15.0,"",41.886271732,-87.773282434
1374123,2001-01-01T00:00:00.000Z,0820,False,False,8.0,"",41.810679064,-87.747061323
1392468,2001-01-01T00:00:00.000Z,1210,False,False,12.0,"",41.893824874,-87.686272003
1403263,2001-01-01T00:00:00.000Z,1120,False,False,6.0,"",41.741163326,-87.617740827
1413854,2001-01-01T00:00:00.000Z,0820,False,False,9.0,"",41.799993307,-87.703599627
3433494,2001-01-01T00:00:00.000Z,1562,False,False,4.0,46.0,41.746697322,-87.549014535
3496126,2001-01-01T00:00:00.000Z,0265,True,False,9.0,61.0,41.804258318,-87.65731478
3536061,2001-01-01T00:00:00.000Z,0840,False,False,7.0,69.0,41.763414952,-87.629871775
3567929,2001-01-01T00:00:00.000Z,0840,False,False,10.0,30.0,41.848345304,-87.706223356
3661792,2001-01-01T00:00:00.000Z,0840,False,False,2.0,41.0,41.796676399,-87.604012947
3723059,2001-01-01T00:00:00.000Z,0840,False,False,7.0,68.0,41.765053677,-87.641686171
3824165,2001-01-01T00:00:00.000Z,0841,False,False,11.0,23.0,41.899291325,-87.70755072
3849799,2001-01-01T00:00:00.000Z,0840,False,False,2.0,40.0,41.790507049,-87.620595237
3883928,2001-01-01T00:00:00.000Z,0841,False,False,9.0,59.0,41.827273854,-87.668953146
3884145,2001-01-01T00:00:00.000Z,2825,False,True,12.0,28.0,41.8695131,-87.682298704
3890045,2001-01-01T00:00:00.000Z,0840,False,False,5.0,49.0,41.68831595,-87.631536251
3904995,2001-01-01T00:00:00.000Z,0840,False,False,4.0,46.0,41.733539408,-87.547155925
3970768,2001-01-01T00:00:00.000Z,0840,False,False,25.0,19.0,41.92027729,-87.755891867
3994567,2001-01-01T00:00:00.000Z,0265,False,False,2.0,35.0,41.831067166,-87.617463217
4071818,2001-01-01T00:00:00.000Z,1754,False,False,5.0,49.0,41.715923338,-87.614138393
4139911,2001-01-01T00:00:00.000Z,1751,False,True,8.0,66.0,41.777017302,-87.686171667
4160307,2001-01-01T00:00:00.000Z,0840,False,False,10.0,29.0,41.862174853,-87.711495725
4349650,2001-01-01T00:00:00.000Z,0840,False,False,5.0,53.0,41.664387922,-87.633765126
4421965,2001-01-01T00:00:00.000Z,0840,False,False,7.0,67.0,41.790485769,-87.671628682
4498285,2001-01-01T00:00:00.000Z,1120,False,False,4.0,43.0,41.751610292,-87.585331018
4563802,2001-01-01T00:00:00.000Z,0840,False,False,14.0,23.0,41.911842515,-87.705367074
4637483,2001-01-01T00:00:00.000Z,0842,False,False,7.0,68.0,41.768110241,-87.640678266
4735908,2001-01-01T00:00:00.000Z,0840,False,False,24.0,1.0,42.015277064,-87.683161926
4768442,2001-01-01T00:00:00.000Z,1753,False,False,2.0,39.0,41.807274768,-87.593706931
2097711,2001-01-01T00:01:00.000Z,0841,False,False,22.0,49.0,41.705440127,-87.640509047
2169312,2001-01-01T00:01:00.000Z,0820,False,False,6.0,71.0,41.757307333,-87.652852553
2245736,2001-01-01T00:01:00.000Z,1562,True,False,4.0,46.0,41.736616982,-87.559868743
2263834,2001-01-01T00:01:00.000Z,1752,False,False,14.0,23.0,41.911493719,-87.711873283
2307556,2001-01-01T00:01:00.000Z,0265,False,False,3.0,40.0,41.78328197,-87.615846405
2371655,2001-01-01T00:01:00.000Z,1562,False,False,8.0,56.0,41.798645945,-87.769656108
2422500,2001-01-01T00:01:00.000Z,1754,False,False,25.0,20.0,41.928704261,-87.741233939
2620877,2001-01-01T00:01:00.000Z,1754,False,False,15.0,25.0,41.881983517,-87.747636477
2621400,2001-01-01T00:01:00.000Z,1562,False,False,16.0,15.0,41.940515288,-87.766217744
2626852,2001-01-01T00:01:00.000Z,1750,True,True,6.0,71.0,41.737037248,-87.672969032
2627282,2001-01-01T00:01:00.000Z,1754,False,False,11.0,23.0,41.896200796,-87.718632998
2638594,2001-01-01T00:01:00.000Z,1753,False,False,7.0,68.0,41.769494218,-87.650447326
2650148,2001-01-01T00:01:00.000Z,1752,False,False,6.0,44.0,41.745505758,-87.635743475
2685759,2001-01-01T00:01:00.000Z,1752,False,False,7.0,67.0,41.767409848,-87.674640767
2686997,2001-01-01T00:01:00.000Z,0840,False,False,24.0,1.0,42.006051906,-87.66091132
2704663,2001-01-01T00:01:00.000Z,1754,False,False,17.0,21.0,41.941720599,-87.71733221
2739382,2001-01-01T00:01:00.000Z,1751,False,False,24.0,1.0,42.001771324,-87.674219472
4892881,2001-01-01T00:01:00.000Z,0265,True,False,22.0,49.0,41.694892728,-87.635364292
4898698,2001-01-01T00:01:00.000Z,0840,False,False,25.0,23.0,41.908494665,-87.722688418
5190122,2001-01-01T00:01:00.000Z,0266,False,False,3.0,42.0,41.777385501,-87.607270854
5450503,2001-01-01T00:01:00.000Z,1754,False,False,10.0,30.0,41.850533452,-87.701393758
5450743,2001-01-01T00:01:00.000Z,0840,False,False,19.0,6.0,41.938539069,-87.637877712
5454570,2001-01-01T00:01:00.000Z,1752,False,False,25.0,23.0,41.906477092,-87.724133004
5573442,2001-01-01T00:01:00.000Z,0840,False,False,25.0,19.0,41.938460477,-87.766897531
5592779,2001-01-01T00:01:00.000Z,0840,False,False,18.0,8.0,41.901665552,-87.644812831
5597572,2001-01-01T00:01:00.000Z,0841,False,False,25.0,25.0,41.911811442,-87.771402295
5713062,2001-01-01T00:01:00.000Z,1150,False,False,18.0,8.0,41.895431423,-87.643113098
5799746,2001-01-01T00:01:00.000Z,0265,False,False,4.0,46.0,41.732500059,-87.550077545
6186615,2001-01-01T00:01:00.000Z,0840,False,False,25.0,19.0,41.926572019,-87.763474936
6199994,2001-01-01T00:01:00.000Z,0840,False,False,5.0,54.0,41.657368082,-87.612916623
6404127,2001-01-01T00:01:00.000Z,0840,False,False,10.0,29.0,41.864327628,-87.70819282
6409926,2001-01-01T00:01:00.000Z,5001,False,False,12.0,28.0,41.874170552,-87.675157616
6506439,2001-01-01T00:01:00.000Z,1544,False,True,8.0,66.0,41.776990398,-87.69806877
6512212,2001-01-01T00:01:00.000Z,1754,False,False,5.0,50.0,41.716081864,-87.599280582
6642948,2001-01-01T00:01:00.000Z,1562,False,False,19.0,3.0,41.967807821,-87.65747107
6712604,2001-01-01T00:01:00.000Z,0840,False,False,16.0,11.0,41.988133109,-87.774104578
6770993,2001-01-01T00:01:00.000Z,1754,False,False,11.0,27.0,41.88371828,-87.707144516
6942636,2001-01-01T00:01:00.000Z,0840,False,False,8.0,63.0,41.793074437,-87.698518718
7034564,2001-01-01T00:01:00.000Z,1754,False,True,20.0,77.0,41.988158983,-87.669258116
7118515,2001-01-01T00:01:00.000Z,0841,False,False,15.0,25.0,41.87943851,-87.758830122
7158688,2001-01-01T00:01:00.000Z,1140,True,False,17.0,16.0,41.960698401,-87.740033361
7269195,2001-01-01T00:01:00.000Z,0840,False,False,16.0,15.0,41.960472709,-87.758786667
7333032,2001-01-01T00:01:00.000Z,1754,False,False,8.0,64.0,41.772486481,-87.739527446
7602291,2001-01-01T00:01:00.000Z,0266,False,True,7.0,67.0,41.783970076,-87.673884641
7921184,2001-01-01T00:01:00.000Z,1751,False,False,25.0,19.0,41.929602415,-87.763076796
8101918,2001-01-01T00:01:00.000Z,1130,True,False,9.0,61.0,41.819089754,-87.641413178
8137350,2001-01-01T00:01:00.000Z,1563,False,False,9.0,58.0,41.825422881,-87.69238395
8325090,2001-01-01T00:01:00.000Z,0840,False,False,10.0,30.0,"",""
8360384,2001-01-01T00:01:00.000Z,1562,False,True,16.0,17.0,"",""
8602342,2001-01-01T00:01:00.000Z,1754,False,False,6.0,71.0,"",""
8623828,2001-01-01T00:01:00.000Z,0266,False,False,9.0,61.0,"",""
9204813,2001-01-01T00:01:00.000Z,1562,False,False,5.0,50.0,"",""
10154126,2001-01-01T00:01:00.000Z,1154,False,True,22.0,73.0,"",""
10308760,2001-01-01T00:01:00.000Z,1752,False,True,3.0,42.0,"",""
10389372,2001-01-01T00:01:00.000Z,1153,False,False,24.0,2.0,"",""
1309882,2001-01-01T00:01:00.000Z,1310,False,False,1.0,"",41.865856949,-87.62958693
1310463,2001-01-01T00:01:00.000Z,0910,False,False,19.0,"",41.968326709,-87.696388265
1310754,2001-01-01T00:01:00.000Z,0820,False,False,3.0,"",41.776723092,-87.602347311
1310911,2001-01-01T00:01:00.000Z,1310,False,False,15.0,"",41.889573598,-87.760594001
1311284,2001-01-01T00:01:00.000Z,0820,False,False,16.0,"",41.975670956,-87.798721042
1311677,2001-01-01T00:01:00.000Z,0810,False,False,25.0,"",41.902909269,-87.773115023
1312565,2001-01-01T00:01:00.000Z,1310,False,False,4.0,"",41.729509541,-87.566878007
1313404,2001-01-01T00:01:00.000Z,0910,False,False,20.0,"",41.981924025,-87.658877571
1313442,2001-01-01T00:01:00.000Z,0910,False,False,9.0,"",41.799024067,-87.696538253
1313946,2001-01-01T00:01:00.000Z,1310,False,False,11.0,"",41.879692063,-87.722353151
1315579,2001-01-01T00:01:00.000Z,1320,False,False,10.0,"",41.864474698,-87.706979891
1315766,2001-01-01T00:01:00.000Z,1320,False,False,11.0,"",41.901648576,-87.709559055
1320600,2001-01-01T00:01:00.000Z,0810,False,False,3.0,"",41.773703253,-87.56721726
1325610,2001-01-01T00:01:00.000Z,5001,False,False,16.0,"",41.975893983,-87.8367713
1328581,2001-01-01T00:01:00.000Z,1320,False,False,24.0,"",41.993128735,-87.705344853
1343834,2001-01-01T00:01:00.000Z,1150,False,False,8.0,"",41.777575237,-87.695646947
1353957,2001-01-01T00:01:00.000Z,0820,False,False,4.0,"",41.749936041,-87.557568719
1374018,2001-01-01T00:01:00.000Z,2825,False,False,6.0,"",41.757520536,-87.628136591
1376172,2001-01-01T00:01:00.000Z,0460,False,True,2.0,"",41.850123042,-87.627171802
1377880,2001-01-01T00:01:00.000Z,0820,False,False,4.0,"",41.732385956,-87.551456465
1425317,2001-01-01T00:01:00.000Z,1130,False,False,5.0,"",41.703055694,-87.609843467
1442950,2001-01-01T00:01:00.000Z,1130,False,False,18.0,"",41.907359601,-87.625813985
1443595,2001-01-01T00:01:00.000Z,1754,False,False,17.0,"",41.972656472,-87.732942676
1461266,2001-01-01T00:01:00.000Z,1130,False,False,6.0,"",41.74890631,-87.630847401
1488480,2001-01-01T00:01:00.000Z,0820,False,False,19.0,"",41.934391283,-87.64266746
1499819,2001-01-01T00:01:00.000Z,1130,False,False,20.0,"",41.97593227,-87.698121861
1500022,2001-01-01T00:01:00.000Z,1751,False,False,11.0,"",41.882554336,-87.735391699
1506615,2001-01-01T00:01:00.000Z,0820,False,False,25.0,"",41.902939361,-87.765830395
1517114,2001-01-01T00:01:00.000Z,1120,False,False,17.0,"",41.989969479,-87.732912433
1535532,2001-01-01T00:01:00.000Z,1562,True,False,17.0,"",41.963062852,-87.71334687
1563324,2001-01-01T00:01:00.000Z,0910,False,False,17.0,"",41.971437293,-87.727055677
1576550,2001-01-01T00:01:00.000Z,1120,False,False,14.0,"",41.912456183,-87.690793858
1589066,2001-01-01T00:01:00.000Z,0840,False,False,25.0,"",41.906026738,-87.736091118
1654777,2001-01-01T00:01:00.000Z,0841,True,False,3.0,"",41.761611241,-87.560561952
1695779,2001-01-01T00:01:00.000Z,0620,False,False,7.0,"",41.785380616,-87.671494178
1745374,2001-01-01T00:01:00.000Z,1140,True,False,19.0,"",41.95786556,-87.681194309
1750704,2001-01-01T00:01:00.000Z,0820,False,False,18.0,"",41.893386628,-87.627705476
1764625,2001-01-01T00:01:00.000Z,0842,False,False,3.0,"",41.780726643,-87.615783232
1786919,2001-01-01T00:01:00.000Z,0810,False,False,17.0,"",41.960960519,-87.736600535
1794614,2001-01-01T00:01:00.000Z,1562,False,False,16.0,"",41.941309638,-87.75819788
1800761,2001-01-01T00:01:00.000Z,0266,True,False,9.0,"",41.814220123,-87.694241779
1839284,2001-01-01T00:01:00.000Z,1752,False,False,25.0,"",41.910946554,-87.76075567
1845940,2001-01-01T00:01:00.000Z,0840,False,False,4.0,"",41.743170504,-87.558665165
1856959,2001-01-01T00:01:00.000Z,1130,True,False,2.0,"",41.805364641,-87.616634399
1867313,2001-01-01T00:01:00.000Z,1562,False,False,10.0,"",41.84204075,-87.719760856
1884111,2001-01-01T00:01:00.000Z,1710,True,True,25.0,"",41.919344303,-87.7328952
1940270,2001-01-01T00:01:00.000Z,2825,False,False,16.0,"",41.944984386,-87.83137986
1945437,2001-01-01T00:01:00.000Z,1120,False,False,25.0,"",41.932325136,-87.747359904
2015650,2001-01-01T00:01:00.000Z,1754,False,True,3.0,"",41.759177257,-87.60555925
2018619,2001-01-01T00:01:00.000Z,0842,False,False,22.0,"",41.688217862,-87.648484801
2024237,2001-01-01T00:01:00.000Z,0840,False,False,9.0,"",41.798603923,-87.683746729
2852914,2001-01-01T00:01:00.000Z,0840,False,False,1.0,32.0,41.881962543,-87.632215784
2893669,2001-01-01T00:01:00.000Z,1562,True,False,18.0,8.0,41.8998521,-87.639877139
2935617,2001-01-01T00:01:00.000Z,1751,False,False,2.0,38.0,41.813762321,-87.628194958
2980018,2001-01-01T00:01:00.000Z,1753,False,False,6.0,49.0,41.723770688,-87.610417023
3002876,2001-01-01T00:01:00.000Z,1562,False,False,9.0,61.0,41.797007908,-87.653591617
3015264,2001-01-01T00:01:00.000Z,0840,False,False,10.0,29.0,41.859568533,-87.712644277
3075466,2001-01-01T00:01:00.000Z,1754,False,False,5.0,49.0,41.689684474,-87.628698563
3096635,2001-01-01T00:01:00.000Z,1752,False,False,8.0,70.0,41.754948289,-87.714686829
3183149,2001-01-01T00:01:00.000Z,1754,False,False,11.0,23.0,41.897188407,-87.732573863
3185674,2001-01-01T00:01:00.000Z,1753,False,False,15.0,25.0,41.875749294,-87.749393467
3185702,2001-01-01T00:01:00.000Z,1753,False,False,8.0,70.0,41.741308725,-87.712080627
3225484,2001-01-01T00:01:00.000Z,1754,False,False,10.0,29.0,41.855775217,-87.733156138
4892881,2001-01-01T00:01:00.000Z,0265,True,False,22.0,49.0,41.694892728,-87.635364292
4898698,2001-01-01T00:01:00.000Z,0840,False,False,25.0,23.0,41.908494665,-87.722688418
5190122,2001-01-01T00:01:00.000Z,0266,False,False,3.0,42.0,41.777385501,-87.607270854
5450503,2001-01-01T00:01:00.000Z,1754,False,False,10.0,30.0,41.850533452,-87.701393758
5450743,2001-01-01T00:01:00.000Z,0840,False,False,19.0,6.0,41.938539069,-87.637877712
5454570,2001-01-01T00:01:00.000Z,1752,False,False,25.0,23.0,41.906477092,-87.724133004
5573442,2001-01-01T00:01:00.000Z,0840,False,False,25.0,19.0,41.938460477,-87.766897531
5592779,2001-01-01T00:01:00.000Z,0840,False,False,18.0,8.0,41.901665552,-87.644812831
5597572,2001-01-01T00:01:00.000Z,0841,False,False,25.0,25.0,41.911811442,-87.771402295
5713062,2001-01-01T00:01:00.000Z,1150,False,False,18.0,8.0,41.895431423,-87.643113098
5799746,2001-01-01T00:01:00.000Z,0265,False,False,4.0,46.0,41.732500059,-87.550077545
6186615,2001-01-01T00:01:00.000Z,0840,False,False,25.0,19.0,41.926572019,-87.763474936
6199994,2001-01-01T00:01:00.000Z,0840,False,False,5.0,54.0,41.657368082,-87.612916623
6404127,2001-01-01T00:01:00.000Z,0840,False,False,10.0,29.0,41.864327628,-87.70819282
6409926,2001-01-01T00:01:00.000Z,5001,False,False,12.0,28.0,41.874170552,-87.675157616
6506439,2001-01-01T00:01:00.000Z,1544,False,True,8.0,66.0,41.776990398,-87.69806877
6512212,2001-01-01T00:01:00.000Z,1754,False,False,5.0,50.0,41.716081864,-87.599280582
6642948,2001-01-01T00:01:00.000Z,1562,False,False,19.0,3.0,41.967807821,-87.65747107
6712604,2001-01-01T00:01:00.000Z,0840,False,False,16.0,11.0,41.988133109,-87.774104578
6770993,2001-01-01T00:01:00.000Z,1754,False,False,11.0,27.0,41.88371828,-87.707144516
6942636,2001-01-01T00:01:00.000Z,0840,False,False,8.0,63.0,41.793074437,-87.698518718
7034564,2001-01-01T00:01:00.000Z,1754,False,True,20.0,77.0,41.988158983,-87.669258116
7118515,2001-01-01T00:01:00.000Z,0841,False,False,15.0,25.0,41.87943851,-87.758830122
7158688,2001-01-01T00:01:00.000Z,1140,True,False,17.0,16.0,41.960698401,-87.740033361
7269195,2001-01-01T00:01:00.000Z,0840,False,False,16.0,15.0,41.960472709,-87.758786667
7333032,2001-01-01T00:01:00.000Z,1754,False,False,8.0,64.0,41.772486481,-87.739527446
7602291,2001-01-01T00:01:00.000Z,0266,False,True,7.0,67.0,41.783970076,-87.673884641
7921184,2001-01-01T00:01:00.000Z,1751,False,False,25.0,19.0,41.929602415,-87.763076796
8101918,2001-01-01T00:01:00.000Z,1130,True,False,9.0,61.0,41.819089754,-87.641413178
8137350,2001-01-01T00:01:00.000Z,1563,False,False,9.0,58.0,41.825422881,-87.69238395
8325090,2001-01-01T00:01:00.000Z,0840,False,False,10.0,30.0,"",""
8360384,2001-01-01T00:01:00.000Z,1562,False,True,16.0,17.0,"",""
8602342,2001-01-01T00:01:00.000Z,1754,False,False,6.0,71.0,"",""
8623828,2001-01-01T00:01:00.000Z,0266,False,False,9.0,61.0,"",""
9204813,2001-01-01T00:01:00.000Z,1562,False,False,5.0,50.0,"",""
10154126,2001-01-01T00:01:00.000Z,1154,False,True,22.0,73.0,"",""
10308760,2001-01-01T00:01:00.000Z,1752,False,True,3.0,42.0,"",""
10389372,2001-01-01T00:01:00.000Z,1153,False,False,24.0,2.0,"",""
1309882,2001-01-01T00:01:00.000Z,1310,False,False,1.0,"",41.865856949,-87.62958693
1310463,2001-01-01T00:01:00.000Z,0910,False,False,19.0,"",41.968326709,-87.696388265
1310754,2001-01-01T00:01:00.000Z,0820,False,False,3.0,"",41.776723092,-87.602347311
1310911,2001-01-01T00:01:00.000Z,1310,False,False,15.0,"",41.889573598,-87.760594001
1311284,2001-01-01T00:01:00.000Z,0820,False,False,16.0,"",41.975670956,-87.798721042
1311677,2001-01-01T00:01:00.000Z,0810,False,False,25.0,"",41.902909269,-87.773115023
1312565,2001-01-01T00:01:00.000Z,1310,False,False,4.0,"",41.729509541,-87.566878007
1313404,2001-01-01T00:01:00.000Z,0910,False,False,20.0,"",41.981924025,-87.658877571
1313442,2001-01-01T00:01:00.000Z,0910,False,False,9.0,"",41.799024067,-87.696538253
1313946,2001-01-01T00:01:00.000Z,1310,False,False,11.0,"",41.879692063,-87.722353151
1315579,2001-01-01T00:01:00.000Z,1320,False,False,10.0,"",41.864474698,-87.706979891
1315766,2001-01-01T00:01:00.000Z,1320,False,False,11.0,"",41.901648576,-87.709559055
1320600,2001-01-01T00:01:00.000Z,0810,False,False,3.0,"",41.773703253,-87.56721726
1325610,2001-01-01T00:01:00.000Z,5001,False,False,16.0,"",41.975893983,-87.8367713
1328581,2001-01-01T00:01:00.000Z,1320,False,False,24.0,"",41.993128735,-87.705344853
1343834,2001-01-01T00:01:00.000Z,1150,False,False,8.0,"",41.777575237,-87.695646947
1353957,2001-01-01T00:01:00.000Z,0820,False,False,4.0,"",41.749936041,-87.557568719
1374018,2001-01-01T00:01:00.000Z,2825,False,False,6.0,"",41.757520536,-87.628136591
1376172,2001-01-01T00:01:00.000Z,0460,False,True,2.0,"",41.850123042,-87.627171802
1377880,2001-01-01T00:01:00.000Z,0820,False,False,4.0,"",41.732385956,-87.551456465
3517118,2001-01-01T00:01:00.000Z,1752,False,False,19.0,3.0,41.955931954,-87.65069221
3584835,2001-01-01T00:01:00.000Z,0840,False,False,17.0,16.0,41.958803719,-87.716891965
3793516,2001-01-01T00:01:00.000Z,0840,False,False,1.0,33.0,41.85811087,-87.627058234
3826855,2001-01-01T00:01:00.000Z,0265,False,False,3.0,43.0,41.765056786,-87.564050495
3838910,2001-01-01T00:01:00.000Z,0841,False,False,25.0,19.0,41.92869844,-87.762298422
3843859,2001-01-01T00:01:00.000Z,0840,False,False,11.0,27.0,41.871881282,-87.714544564
3907451,2001-01-01T00:01:00.000Z,1751,False,False,9.0,61.0,41.818475722,-87.641071274
3935755,2001-01-01T00:01:00.000Z,0840,False,False,5.0,53.0,41.672254112,-87.634364426
3967938,2001-01-01T00:01:00.000Z,0841,False,False,16.0,76.0,41.973661572,-87.842194526
10505529,2001-01-01T00:01:00.000Z,1153,False,False,4.0,52.0,"",""
4112889,2001-01-01T00:01:00.000Z,0840,False,False,4.0,46.0,41.749396455,-87.568777964
4237450,2001-01-01T00:01:00.000Z,0840,False,False,12.0,31.0,41.853307537,-87.668280034
4284331,2001-01-01T00:01:00.000Z,0841,False,False,12.0,24.0,41.90282173,-87.695816485
4364232,2001-01-01T00:01:00.000Z,0841,False,False,25.0,19.0,41.916952952,-87.753500533
4437858,2001-01-01T00:01:00.000Z,0841,False,False,6.0,69.0,41.753517201,-87.606653019
4486858,2001-01-01T00:01:00.000Z,0266,True,True,25.0,19.0,41.917990489,-87.742240531
4521568,2001-01-01T00:01:00.000Z,0840,False,False,10.0,30.0,41.844989168,-87.717398511
4568458,2001-01-01T00:01:00.000Z,0840,False,False,6.0,71.0,41.74395635,-87.635928806
4609047,2001-01-01T00:01:00.000Z,1195,False,True,6.0,44.0,41.738937285,-87.616354889
4765895,2001-01-01T00:01:00.000Z,1754,False,False,25.0,23.0,41.910820079,-87.716721957
4771567,2001-01-01T00:01:00.000Z,0840,False,False,20.0,3.0,41.970613961,-87.670922333
1320836,2001-01-01T00:04:00.000Z,143A,True,False,15.0,"",41.896448442,-87.753043264
1320836,2001-01-01T00:04:00.000Z,143A,True,False,15.0,"",41.896448442,-87.753043264
1310068,2001-01-01T00:05:00.000Z,0910,False,False,11.0,"",41.887566466,-87.711322992
1310686,2001-01-01T00:05:00.000Z,0420,False,False,15.0,"",41.888872021,-87.77190086
1310755,2001-01-01T00:05:00.000Z,0910,False,False,19.0,"",41.939782212,-87.639694608
1311264,2001-01-01T00:05:00.000Z,1330,False,False,19.0,"",41.936345425,-87.646828883
1311859,2001-01-01T00:05:00.000Z,141B,True,False,7.0,"",41.777221149,-87.640653561
1311915,2001-01-01T00:05:00.000Z,0460,False,True,7.0,"",41.768316843,-87.674880757
1312866,2001-01-01T00:05:00.000Z,1750,False,False,12.0,"",41.855940245,-87.676075039
1315137,2001-01-01T00:05:00.000Z,141B,True,False,8.0,"",41.741255119,-87.71537157
1323445,2001-01-01T00:05:00.000Z,1310,False,False,9.0,"",41.796527395,-87.676664107
1325459,2001-01-01T00:05:00.000Z,1320,False,False,6.0,"",41.749160369,-87.613807841
1327014,2001-01-01T00:05:00.000Z,143A,True,False,5.0,"",41.657440415,-87.597904928
1340143,2001-01-01T00:05:00.000Z,1320,False,False,12.0,"",41.898911655,-87.672119356
1918610,2001-01-01T00:05:00.000Z,0910,False,False,25.0,"",41.928834112,-87.77481757
1310068,2001-01-01T00:05:00.000Z,0910,False,False,11.0,"",41.887566466,-87.711322992
1310686,2001-01-01T00:05:00.000Z,0420,False,False,15.0,"",41.888872021,-87.77190086
1310755,2001-01-01T00:05:00.000Z,0910,False,False,19.0,"",41.939782212,-87.639694608
1311264,2001-01-01T00:05:00.000Z,1330,False,False,19.0,"",41.936345425,-87.646828883
1311859,2001-01-01T00:05:00.000Z,141B,True,False,7.0,"",41.777221149,-87.640653561
1311915,2001-01-01T00:05:00.000Z,0460,False,True,7.0,"",41.768316843,-87.674880757
1312866,2001-01-01T00:05:00.000Z,1750,False,False,12.0,"",41.855940245,-87.676075039
1315137,2001-01-01T00:05:00.000Z,141B,True,False,8.0,"",41.741255119,-87.71537157
1323445,2001-01-01T00:05:00.000Z,1310,False,False,9.0,"",41.796527395,-87.676664107
1325459,2001-01-01T00:05:00.000Z,1320,False,False,6.0,"",41.749160369,-87.613807841
1327014,2001-01-01T00:05:00.000Z,143A,True,False,5.0,"",41.657440415,-87.597904928
1340143,2001-01-01T00:05:00.000Z,1320,False,False,12.0,"",41.898911655,-87.672119356
1309881,2001-01-01T00:07:00.000Z,1310,False,False,8.0,"",41.774968402,-87.718343871
1309881,2001-01-01T00:07:00.000Z,1310,False,False,8.0,"",41.774968402,-87.718343871
1310092,2001-01-01T00:10:00.000Z,0460,False,True,10.0,"",41.857333794,-87.715018864
1310366,2001-01-01T00:10:00.000Z,1310,False,False,7.0,"",41.764490869,-87.629896677
1310781,2001-01-01T00:10:00.000Z,1310,False,True,3.0,"",41.764418039,-87.609337785
1312056,2001-01-01T00:10:00.000Z,1310,False,False,25.0,"",41.917252614,-87.728079528
1310092,2001-01-01T00:10:00.000Z,0460,False,True,10.0,"",41.857333794,-87.715018864
1310366,2001-01-01T00:10:00.000Z,1310,False,False,7.0,"",41.764490869,-87.629896677
1310781,2001-01-01T00:10:00.000Z,1310,False,True,3.0,"",41.764418039,-87.609337785
1312056,2001-01-01T00:10:00.000Z,1310,False,False,25.0,"",41.917252614,-87.728079528
1310050,2001-01-01T00:15:00.000Z,143A,True,False,12.0,"",41.853922292,-87.674476968
1310145,2001-01-01T00:15:00.000Z,1310,False,False,11.0,"",41.871829037,-87.698933339
1312130,2001-01-01T00:15:00.000Z,141A,True,False,25.0,"",41.913309503,-87.762994062
1312205,2001-01-01T00:15:00.000Z,1310,False,False,5.0,"",41.687338661,-87.627900413
1313998,2001-01-01T00:15:00.000Z,1330,True,False,18.0,"",41.898076948,-87.631356346
1322883,2001-01-01T00:15:00.000Z,141A,True,False,11.0,"",41.879545816,-87.70541532
1917213,2001-01-01T00:15:00.000Z,0460,False,True,5.0,"",41.683496513,-87.645086313
1310050,2001-01-01T00:15:00.000Z,143A,True,False,12.0,"",41.853922292,-87.674476968
1310145,2001-01-01T00:15:00.000Z,1310,False,False,11.0,"",41.871829037,-87.698933339
1312130,2001-01-01T00:15:00.000Z,141A,True,False,25.0,"",41.913309503,-87.762994062
1312205,2001-01-01T00:15:00.000Z,1310,False,False,5.0,"",41.687338661,-87.627900413
1313998,2001-01-01T00:15:00.000Z,1330,True,False,18.0,"",41.898076948,-87.631356346
1322883,2001-01-01T00:15:00.000Z,141A,True,False,11.0,"",41.879545816,-87.70541532
1310025,2001-01-01T00:20:00.000Z,0460,False,False,12.0,"",41.858407516,-87.678028363
1311046,2001-01-01T00:20:00.000Z,0320,False,False,19.0,"",41.965917251,-87.657969065
1312109,2001-01-01T00:20:00.000Z,141A,True,False,25.0,"",41.914012742,-87.764244323
1321350,2001-01-01T00:20:00.000Z,143A,True,False,2.0,"",41.804149939,-87.62609605
1917202,2001-01-01T00:20:00.000Z,2820,False,True,7.0,"",41.773111794,-87.649624436
1310025,2001-01-01T00:20:00.000Z,0460,False,False,12.0,"",41.858407516,-87.678028363
1311046,2001-01-01T00:20:00.000Z,0320,False,False,19.0,"",41.965917251,-87.657969065
1312109,2001-01-01T00:20:00.000Z,141A,True,False,25.0,"",41.914012742,-87.764244323
1321350,2001-01-01T00:20:00.000Z,143A,True,False,2.0,"",41.804149939,-87.62609605
1310997,2001-01-01T00:25:00.000Z,1320,False,False,24.0,"",41.994241996,-87.68738211
1311740,2001-01-01T00:25:00.000Z,041A,False,False,7.0,"",41.766659039,-87.662504269
1312068,2001-01-01T00:25:00.000Z,1310,False,False,2.0,"",41.802536867,-87.615129166
1327588,2001-01-01T00:25:00.000Z,1811,True,False,1.0,"",41.868040997,-87.627290382
1310997,2001-01-01T00:25:00.000Z,1320,False,False,24.0,"",41.994241996,-87.68738211
1311740,2001-01-01T00:25:00.000Z,041A,False,False,7.0,"",41.766659039,-87.662504269
1312068,2001-01-01T00:25:00.000Z,1310,False,False,2.0,"",41.802536867,-87.615129166
1327588,2001-01-01T00:25:00.000Z,1811,True,False,1.0,"",41.868040997,-87.627290382
1314562,2001-01-01T00:26:26.000Z,1310,False,False,6.0,"",41.748297404,-87.604033093
1314562,2001-01-01T00:26:26.000Z,1310,False,False,6.0,"",41.748297404,-87.604033093
1310046,2001-01-01T00:28:00.000Z,1310,False,False,12.0,"",41.854188694,-87.658910857
1310046,2001-01-01T00:28:00.000Z,1310,False,False,12.0,"",41.854188694,-87.658910857
1309903,2001-01-01T00:30:00.000Z,2825,False,False,1.0,"",41.872092429,-87.633718878
1310446,2001-01-01T00:30:00.000Z,0910,False,False,2.0,"",41.831095207,-87.60837042
1310611,2001-01-01T00:30:00.000Z,1320,False,False,22.0,"",41.725926174,-87.661719277
1310788,2001-01-01T00:30:00.000Z,1310,False,False,3.0,"",41.767824707,-87.58297628
1312085,2001-01-01T00:30:00.000Z,1310,False,False,18.0,"",41.921687717,-87.649910906
1312210,2001-01-01T00:30:00.000Z,143A,True,False,15.0,"",41.870993798,-87.754874355
1312299,2001-01-01T00:30:00.000Z,0420,False,True,15.0,"",41.875977103,-87.746171171
1313137,2001-01-01T00:30:00.000Z,1310,False,False,4.0,"",41.751839625,-87.566007731
1313242,2001-01-01T00:30:00.000Z,0460,False,False,19.0,"",41.926526492,-87.650491322
1313530,2001-01-01T00:30:00.000Z,1310,False,False,25.0,"",41.911271667,-87.789820542
1314859,2001-01-01T00:30:00.000Z,1310,False,False,19.0,"",41.934152431,-87.643563108
1315951,2001-01-01T00:30:00.000Z,0460,False,False,9.0,"",41.801537166,-87.645493369
1318364,2001-01-01T00:30:00.000Z,0910,False,False,4.0,"",41.744456202,-87.574912056
1319271,2001-01-01T00:30:00.000Z,0810,False,False,5.0,"",41.706655147,-87.617555986
1309903,2001-01-01T00:30:00.000Z,2825,False,False,1.0,"",41.872092429,-87.633718878
1310446,2001-01-01T00:30:00.000Z,0910,False,False,2.0,"",41.831095207,-87.60837042
1310611,2001-01-01T00:30:00.000Z,1320,False,False,22.0,"",41.725926174,-87.661719277
1310788,2001-01-01T00:30:00.000Z,1310,False,False,3.0,"",41.767824707,-87.58297628
1312085,2001-01-01T00:30:00.000Z,1310,False,False,18.0,"",41.921687717,-87.649910906
1312210,2001-01-01T00:30:00.000Z,143A,True,False,15.0,"",41.870993798,-87.754874355
1312299,2001-01-01T00:30:00.000Z,0420,False,True,15.0,"",41.875977103,-87.746171171
1313137,2001-01-01T00:30:00.000Z,1310,False,False,4.0,"",41.751839625,-87.566007731
1313242,2001-01-01T00:30:00.000Z,0460,False,False,19.0,"",41.926526492,-87.650491322
1313530,2001-01-01T00:30:00.000Z,1310,False,False,25.0,"",41.911271667,-87.789820542
1314859,2001-01-01T00:30:00.000Z,1310,False,False,19.0,"",41.934152431,-87.643563108
1315951,2001-01-01T00:30:00.000Z,0460,False,False,9.0,"",41.801537166,-87.645493369
1318364,2001-01-01T00:30:00.000Z,0910,False,False,4.0,"",41.744456202,-87.574912056
1319271,2001-01-01T00:30:00.000Z,0810,False,False,5.0,"",41.706655147,-87.617555986
1310164,2001-01-01T00:31:44.000Z,1310,False,False,10.0,"",41.863705249,-87.710317139
1310164,2001-01-01T00:31:44.000Z,1310,False,False,10.0,"",41.863705249,-87.710317139
1310242,2001-01-01T00:32:50.000Z,4387,False,True,4.0,"",41.741259065,-87.544342963
1310242,2001-01-01T00:32:50.000Z,4387,False,True,4.0,"",41.741259065,-87.544342963
1310284,2001-01-01T00:33:13.000Z,0460,False,False,22.0,"",41.714139419,-87.657523758
1310284,2001-01-01T00:33:13.000Z,0460,False,False,22.0,"",41.714139419,-87.657523758
1312071,2001-01-01T00:34:00.000Z,1310,False,False,2.0,"",41.815777139,-87.609309897
1312071,2001-01-01T00:34:00.000Z,1310,False,False,2.0,"",41.815777139,-87.609309897
1317259,2001-01-01T00:35:00.000Z,1310,False,False,9.0,"",41.79788536,-87.677545088
1317259,2001-01-01T00:35:00.000Z,1310,False,False,9.0,"",41.79788536,-87.677545088
1311667,2001-01-01T00:38:40.000Z,0320,False,False,19.0,"",41.9400267,-87.653500908
1311667,2001-01-01T00:38:40.000Z,0320,False,False,19.0,"",41.9400267,-87.653500908
1310821,2001-01-01T00:40:00.000Z,1330,True,False,3.0,"",41.778215243,-87.615723238
1312773,2001-01-01T00:40:00.000Z,1310,False,False,7.0,"",41.772801395,-87.659327869
1313587,2001-01-01T00:40:00.000Z,0460,False,False,18.0,"",41.896767254,-87.629449688
1313616,2001-01-01T00:40:00.000Z,0460,True,False,18.0,"",41.891984753,-87.615817467
1317263,2001-01-01T00:40:00.000Z,1310,False,False,9.0,"",41.807094448,-87.67693767
1310821,2001-01-01T00:40:00.000Z,1330,True,False,3.0,"",41.778215243,-87.615723238
1312773,2001-01-01T00:40:00.000Z,1310,False,False,7.0,"",41.772801395,-87.659327869
1313587,2001-01-01T00:40:00.000Z,0460,False,False,18.0,"",41.896767254,-87.629449688
1313616,2001-01-01T00:40:00.000Z,0460,True,False,18.0,"",41.891984753,-87.615817467
1317263,2001-01-01T00:40:00.000Z,1310,False,False,9.0,"",41.807094448,-87.67693767
1315199,2001-01-01T00:41:51.000Z,142A,True,False,10.0,"",41.851694212,-87.7023807
1315199,2001-01-01T00:41:51.000Z,142A,True,False,10.0,"",41.851694212,-87.7023807
1309886,2001-01-01T00:43:00.000Z,1310,False,False,7.0,"",41.785680494,-87.653296945
1309886,2001-01-01T00:43:00.000Z,1310,False,False,7.0,"",41.785680494,-87.653296945
1311943,2001-01-01T00:44:00.000Z,1310,False,False,2.0,"",41.819504303,-87.618582544
1311943,2001-01-01T00:44:00.000Z,1310,False,False,2.0,"",41.819504303,-87.618582544
1310801,2001-01-01T00:45:00.000Z,0460,False,False,3.0,"",41.762514064,-87.565876899
1318714,2001-01-01T00:45:00.000Z,1320,False,False,22.0,"",41.725972141,-87.654132106
1320605,2001-01-01T00:45:00.000Z,0560,False,True,25.0,"",41.935966694,-87.747892566
1324718,2001-01-01T00:45:00.000Z,2027,True,False,7.0,"",41.775228502,-87.640605347
1327256,2001-01-01T00:45:00.000Z,1811,True,False,12.0,"",41.882753142,-87.676828546
1310801,2001-01-01T00:45:00.000Z,0460,False,False,3.0,"",41.762514064,-87.565876899
1318714,2001-01-01T00:45:00.000Z,1320,False,False,22.0,"",41.725972141,-87.654132106
1320605,2001-01-01T00:45:00.000Z,0560,False,True,25.0,"",41.935966694,-87.747892566
1324718,2001-01-01T00:45:00.000Z,2027,True,False,7.0,"",41.775228502,-87.640605347
1327256,2001-01-01T00:45:00.000Z,1811,True,False,12.0,"",41.882753142,-87.676828546
1310767,2001-01-01T00:48:00.000Z,1310,True,False,3.0,"",41.759102736,-87.565851573
1310767,2001-01-01T00:48:00.000Z,1310,True,False,3.0,"",41.759102736,-87.565851573
1316374,2001-01-01T00:49:29.000Z,143A,True,False,25.0,"",41.906126935,-87.723824078
1316374,2001-01-01T00:49:29.000Z,143A,True,False,25.0,"",41.906126935,-87.723824078
1309898,2001-01-01T00:50:00.000Z,1210,False,False,25.0,"",41.928161754,-87.802583288
1311780,2001-01-01T00:50:00.000Z,0430,False,False,7.0,"",41.772571018,-87.63499938
1319965,2001-01-01T00:50:00.000Z,1310,False,False,8.0,"",41.740060801,-87.688308961
1923139,2001-01-01T00:50:00.000Z,1330,False,False,14.0,"",41.913870323,-87.674959314
1309898,2001-01-01T00:50:00.000Z,1210,False,False,25.0,"",41.928161754,-87.802583288
1311780,2001-01-01T00:50:00.000Z,0430,False,False,7.0,"",41.772571018,-87.63499938
1319965,2001-01-01T00:50:00.000Z,1310,False,False,8.0,"",41.740060801,-87.688308961
1310063,2001-01-01T00:50:20.000Z,0460,False,True,12.0,"",41.866923032,-87.654422827
1310063,2001-01-01T00:50:20.000Z,0460,False,True,12.0,"",41.866923032,-87.654422827
1311439,2001-01-01T00:55:00.000Z,051A,False,False,2.0,"",41.796234456,-87.630407807
1312775,2001-01-01T00:55:00.000Z,143A,True,False,7.0,"",41.784511474,-87.637267798
1313487,2001-01-01T00:55:00.000Z,0460,False,True,11.0,"",41.873043777,-87.725651231
1329414,2001-01-01T00:55:00.000Z,143A,True,False,5.0,"",41.654916652,-87.604963085
1311439,2001-01-01T00:55:00.000Z,051A,False,False,2.0,"",41.796234456,-87.630407807
1312775,2001-01-01T00:55:00.000Z,143A,True,False,7.0,"",41.784511474,-87.637267798
1313487,2001-01-01T00:55:00.000Z,0460,False,True,11.0,"",41.873043777,-87.725651231
1329414,2001-01-01T00:55:00.000Z,143A,True,False,5.0,"",41.654916652,-87.604963085
1317611,2001-01-01T00:57:53.000Z,1220,True,False,16.0,"",41.945099502,-87.817113062
1317611,2001-01-01T00:57:53.000Z,1220,True,False,16.0,"",41.945099502,-87.817113062
1314565,2001-01-01T00:59:34.000Z,1310,False,False,6.0,"",41.746768804,-87.610107773
1314565,2001-01-01T00:59:34.000Z,1310,False,False,6.0,"",41.746768804,-87.610107773
5462733,2001-01-01T01:00:00.000Z,1752,False,True,2.0,40.0,41.789084341,-87.620849345
1309918,2001-01-01T01:00:00.000Z,0820,False,False,19.0,"",41.940000996,-87.654258339
1310288,2001-01-01T01:00:00.000Z,1310,False,False,6.0,"",41.756650158,-87.641607815
1310393,2001-01-01T01:00:00.000Z,1320,False,False,16.0,"",41.974911416,-87.846347904
1310586,2001-01-01T01:00:00.000Z,0820,False,False,9.0,"",41.798298315,-87.692856014
1310610,2001-01-01T01:00:00.000Z,1320,False,False,19.0,"",41.944854306,-87.684418276
1310717,2001-01-01T01:00:00.000Z,1320,False,False,24.0,"",42.0123912,-87.678032389
1310824,2001-01-01T01:00:00.000Z,0820,False,False,3.0,"",41.765484067,-87.621836295
1311049,2001-01-01T01:00:00.000Z,1310,False,False,17.0,"",41.954010014,-87.709857541
1311123,2001-01-01T01:00:00.000Z,1320,False,False,12.0,"",41.854014083,-87.681908988
1311144,2001-01-01T01:00:00.000Z,1320,False,False,24.0,"",41.99666603,-87.685109858
1311226,2001-01-01T01:00:00.000Z,1320,False,False,19.0,"",41.945072291,-87.684629263
1311269,2001-01-01T01:00:00.000Z,1310,False,False,4.0,"",41.756689633,-87.561625217
1311503,2001-01-01T01:00:00.000Z,0264,False,False,19.0,"",41.931373805,-87.648818936
1311626,2001-01-01T01:00:00.000Z,1320,False,False,10.0,"",41.848786421,-87.704086603
1311735,2001-01-01T01:00:00.000Z,0430,False,False,16.0,"",41.938196134,-87.800533735
1311933,2001-01-01T01:00:00.000Z,1563,True,False,14.0,"",41.910796986,-87.682213687
1312658,2001-01-01T01:00:00.000Z,0460,False,False,25.0,"",41.915449949,-87.726575474
1313213,2001-01-01T01:00:00.000Z,0460,False,True,7.0,"",41.765396066,-87.626697771
1315458,2001-01-01T01:00:00.000Z,0820,False,False,14.0,"",41.910320325,-87.702020443
1315987,2001-01-01T01:00:00.000Z,1310,False,False,18.0,"",41.899860332,-87.63987705
1317937,2001-01-01T01:00:00.000Z,0460,False,False,3.0,"",41.762514064,-87.565876899
1318099,2001-01-01T01:00:00.000Z,0460,False,True,2.0,"",41.819537938,-87.62002027
1323691,2001-01-01T01:00:00.000Z,143A,False,False,11.0,"",41.86669414,-87.688513488
1326041,2001-01-01T01:00:00.000Z,0460,False,False,16.0,"",41.957850185,-87.749184996
1328315,2001-01-01T01:00:00.000Z,1130,False,False,7.0,"",41.771269195,-87.662929135
1330412,2001-01-01T01:00:00.000Z,0820,False,False,18.0,"",41.917382588,-87.648623098
1410662,2001-01-01T01:00:00.000Z,0560,False,True,2.0,"",41.803252854,-87.608097536
1422085,2001-01-01T01:00:00.000Z,2820,False,True,10.0,"",41.858050399,-87.695512503
1584605,2001-01-01T01:00:00.000Z,2825,False,False,14.0,"",41.915638736,-87.688700749
3206463,2001-01-01T01:00:00.000Z,0266,False,True,8.0,70.0,41.735507018,-87.690094853
3212105,2001-01-01T01:00:00.000Z,1754,True,False,9.0,58.0,41.823730366,-87.69843979
5462733,2001-01-01T01:00:00.000Z,1752,False,True,2.0,40.0,41.789084341,-87.620849345
1309918,2001-01-01T01:00:00.000Z,0820,False,False,19.0,"",41.940000996,-87.654258339
1310288,2001-01-01T01:00:00.000Z,1310,False,False,6.0,"",41.756650158,-87.641607815
1310393,2001-01-01T01:00:00.000Z,1320,False,False,16.0,"",41.974911416,-87.846347904
1310586,2001-01-01T01:00:00.000Z,0820,False,False,9.0,"",41.798298315,-87.692856014
1310610,2001-01-01T01:00:00.000Z,1320,False,False,19.0,"",41.944854306,-87.684418276
1310717,2001-01-01T01:00:00.000Z,1320,False,False,24.0,"",42.0123912,-87.678032389
1310824,2001-01-01T01:00:00.000Z,0820,False,False,3.0,"",41.765484067,-87.621836295
1311049,2001-01-01T01:00:00.000Z,1310,False,False,17.0,"",41.954010014,-87.709857541
1311123,2001-01-01T01:00:00.000Z,1320,False,False,12.0,"",41.854014083,-87.681908988
1311144,2001-01-01T01:00:00.000Z,1320,False,False,24.0,"",41.99666603,-87.685109858
1311226,2001-01-01T01:00:00.000Z,1320,False,False,19.0,"",41.945072291,-87.684629263
1311269,2001-01-01T01:00:00.000Z,1310,False,False,4.0,"",41.756689633,-87.561625217
1311503,2001-01-01T01:00:00.000Z,0264,False,False,19.0,"",41.931373805,-87.648818936
1311626,2001-01-01T01:00:00.000Z,1320,False,False,10.0,"",41.848786421,-87.704086603
1311735,2001-01-01T01:00:00.000Z,0430,False,False,16.0,"",41.938196134,-87.800533735
1311933,2001-01-01T01:00:00.000Z,1563,True,False,14.0,"",41.910796986,-87.682213687
1312658,2001-01-01T01:00:00.000Z,0460,False,False,25.0,"",41.915449949,-87.726575474
1313213,2001-01-01T01:00:00.000Z,0460,False,True,7.0,"",41.765396066,-87.626697771
1315458,2001-01-01T01:00:00.000Z,0820,False,False,14.0,"",41.910320325,-87.702020443
1315987,2001-01-01T01:00:00.000Z,1310,False,False,18.0,"",41.899860332,-87.63987705
1317937,2001-01-01T01:00:00.000Z,0460,False,False,3.0,"",41.762514064,-87.565876899
1318099,2001-01-01T01:00:00.000Z,0460,False,True,2.0,"",41.819537938,-87.62002027
1323691,2001-01-01T01:00:00.000Z,143A,False,False,11.0,"",41.86669414,-87.688513488
1326041,2001-01-01T01:00:00.000Z,0460,False,False,16.0,"",41.957850185,-87.749184996
1328315,2001-01-01T01:00:00.000Z,1130,False,False,7.0,"",41.771269195,-87.662929135
1330412,2001-01-01T01:00:00.000Z,0820,False,False,18.0,"",41.917382588,-87.648623098
1410662,2001-01-01T01:00:00.000Z,0560,False,True,2.0,"",41.803252854,-87.608097536
1422085,2001-01-01T01:00:00.000Z,2820,False,True,10.0,"",41.858050399,-87.695512503
1325452,2001-01-01T01:01:44.000Z,2230,True,False,16.0,"",41.950477269,-87.803659123
1325452,2001-01-01T01:01:44.000Z,2230,True,False,16.0,"",41.950477269,-87.803659123
1322396,2001-01-01T01:02:29.000Z,051A,False,False,6.0,"",41.750045033,-87.66722146
1322396,2001-01-01T01:02:29.000Z,051A,False,False,6.0,"",41.750045033,-87.66722146
1313601,2001-01-01T01:02:32.000Z,0460,True,False,18.0,"",41.895678996,-87.625627047
1313601,2001-01-01T01:02:32.000Z,0460,True,False,18.0,"",41.895678996,-87.625627047
1311966,2001-01-01T01:05:00.000Z,5002,True,False,16.0,"",41.946229289,-87.747199512
1316076,2001-01-01T01:05:00.000Z,1210,True,False,18.0,"",41.903819211,-87.629331828
1311966,2001-01-01T01:05:00.000Z,5002,True,False,16.0,"",41.946229289,-87.747199512
1316076,2001-01-01T01:05:00.000Z,1210,True,False,18.0,"",41.903819211,-87.629331828
1310481,2001-01-01T01:05:20.000Z,1310,True,False,3.0,"",41.783618008,-87.624444445
1310481,2001-01-01T01:05:20.000Z,1310,True,False,3.0,"",41.783618008,-87.624444445
1311806,2001-01-01T01:06:16.000Z,1310,False,False,7.0,"",41.786342149,-87.658463714
1311806,2001-01-01T01:06:16.000Z,1310,False,False,7.0,"",41.786342149,-87.658463714
1310096,2001-01-01T01:07:38.000Z,0520,True,False,4.0,"",41.729964542,-87.600873717
1310096,2001-01-01T01:07:38.000Z,0520,True,False,4.0,"",41.729964542,-87.600873717
1310522,2001-01-01T01:09:29.000Z,031A,True,False,4.0,"",41.703375039,-87.560673753
1310522,2001-01-01T01:09:29.000Z,031A,True,False,4.0,"",41.703375039,-87.560673753
1321714,2001-01-01T01:10:00.000Z,0460,True,True,6.0,"",41.743585316,-87.653697342
1321714,2001-01-01T01:10:00.000Z,0460,True,True,6.0,"",41.743585316,-87.653697342
1310374,2001-01-01T01:11:00.000Z,0620,False,False,20.0,"",41.97624237,-87.657745979
1310374,2001-01-01T01:11:00.000Z,0620,False,False,20.0,"",41.97624237,-87.657745979
1311070,2001-01-01T01:11:38.000Z,0470,True,False,12.0,"",41.896882505,-87.667170649
1311070,2001-01-01T01:11:38.000Z,0470,True,False,12.0,"",41.896882505,-87.667170649
1325471,2001-01-01T01:12:00.000Z,1812,True,False,24.0,"",42.012292552,-87.694610391
1325471,2001-01-01T01:12:00.000Z,1812,True,False,24.0,"",42.012292552,-87.694610391
1311213,2001-01-01T01:13:09.000Z,0460,True,False,19.0,"",41.947084147,-87.656638694
1311213,2001-01-01T01:13:09.000Z,0460,True,False,19.0,"",41.947084147,-87.656638694
1310269,2001-01-01T01:15:00.000Z,0420,False,False,4.0,"",41.741371597,-87.544345249
1311829,2001-01-01T01:15:00.000Z,1320,True,False,7.0,"",41.768747096,-87.64435914
1312546,2001-01-01T01:15:00.000Z,031A,False,False,3.0,"",41.785487819,-87.622377839
1313259,2001-01-01T01:15:00.000Z,143A,True,False,2.0,"",41.848349966,-87.627125238
1322860,2001-01-01T01:15:00.000Z,2250,True,False,12.0,"",41.885541654,-87.648232385
1310269,2001-01-01T01:15:00.000Z,0420,False,False,4.0,"",41.741371597,-87.544345249
1311829,2001-01-01T01:15:00.000Z,1320,True,False,7.0,"",41.768747096,-87.64435914
1312546,2001-01-01T01:15:00.000Z,031A,False,False,3.0,"",41.785487819,-87.622377839
1313259,2001-01-01T01:15:00.000Z,143A,True,False,2.0,"",41.848349966,-87.627125238
1322860,2001-01-01T01:15:00.000Z,2250,True,False,12.0,"",41.885541654,-87.648232385
1311337,2001-01-01T01:15:31.000Z,0460,False,False,19.0,"",41.926824002,-87.64470774
1311337,2001-01-01T01:15:31.000Z,0460,False,False,19.0,"",41.926824002,-87.64470774
1310583,2001-01-01T01:17:49.000Z,0910,False,False,4.0,"",41.681833696,-87.539966203
1310583,2001-01-01T01:17:49.000Z,0910,False,False,4.0,"",41.681833696,-87.539966203
1318148,2001-01-01T01:20:00.000Z,0460,False,True,3.0,"",41.771946817,-87.576311278
1318148,2001-01-01T01:20:00.000Z,0460,False,True,3.0,"",41.771946817,-87.576311278
1313255,2001-01-01T01:23:32.000Z,0460,True,False,18.0,"",41.892092606,-87.611570535
1313255,2001-01-01T01:23:32.000Z,0460,True,False,18.0,"",41.892092606,-87.611570535
1310286,2001-01-01T01:25:22.000Z,0820,False,False,9.0,"",41.801581646,-87.653425916
1310297,2001-01-01T01:25:22.000Z,0820,False,False,9.0,"",41.801581646,-87.653425916
1310286,2001-01-01T01:25:22.000Z,0820,False,False,9.0,"",41.801581646,-87.653425916
1310297,2001-01-01T01:25:22.000Z,0820,False,False,9.0,"",41.801581646,-87.653425916
1310291,2001-01-01T01:25:32.000Z,0460,False,False,22.0,"",41.711712703,-87.646752161
1310291,2001-01-01T01:25:32.000Z,0460,False,False,22.0,"",41.711712703,-87.646752161
1310259,2001-01-01T01:26:31.000Z,1320,False,True,4.0,"",41.701064638,-87.564403569
1310259,2001-01-01T01:26:31.000Z,1320,False,True,4.0,"",41.701064638,-87.564403569
1310603,2001-01-01T01:27:00.000Z,033B,False,False,15.0,"",41.902053311,-87.763681981
1310603,2001-01-01T01:27:00.000Z,033B,False,False,15.0,"",41.902053311,-87.763681981
1319950,2001-01-01T01:27:12.000Z,0460,True,False,8.0,"",41.783531414,-87.693369654
1319950,2001-01-01T01:27:12.000Z,0460,True,False,8.0,"",41.783531414,-87.693369654
1310871,2001-01-01T01:30:00.000Z,1320,False,False,17.0,"",41.959201122,-87.730752719
1311261,2001-01-01T01:30:00.000Z,0460,False,True,2.0,"",41.819577666,-87.608393954
1311699,2001-01-01T01:30:00.000Z,1310,False,False,2.0,"",41.811261723,-87.605230411
1311871,2001-01-01T01:30:00.000Z,1320,False,False,7.0,"",41.792302825,-87.65012094
1312150,2001-01-01T01:30:00.000Z,0560,True,False,25.0,"",41.916909145,-87.80588412
1313631,2001-01-01T01:30:00.000Z,0460,False,False,18.0,"",41.901904082,-87.628493305
1314729,2001-01-01T01:30:00.000Z,143A,True,False,12.0,"",41.855253074,-87.668729724
1314810,2001-01-01T01:30:00.000Z,141A,True,False,4.0,"",41.74168305,-87.555004205
1316383,2001-01-01T01:30:00.000Z,0430,False,False,25.0,"",41.934391163,-87.717402744
1317209,2001-01-01T01:30:00.000Z,2825,False,False,25.0,"",41.904134224,-87.75888062
1364976,2001-01-01T01:30:00.000Z,0281,False,False,1.0,"",41.887998194,-87.622568135
1918486,2001-01-01T01:30:00.000Z,0810,False,False,14.0,"",41.922733243,-87.695702825
1310871,2001-01-01T01:30:00.000Z,1320,False,False,17.0,"",41.959201122,-87.730752719
1311261,2001-01-01T01:30:00.000Z,0460,False,True,2.0,"",41.819577666,-87.608393954
1311699,2001-01-01T01:30:00.000Z,1310,False,False,2.0,"",41.811261723,-87.605230411
1311871,2001-01-01T01:30:00.000Z,1320,False,False,7.0,"",41.792302825,-87.65012094
1312150,2001-01-01T01:30:00.000Z,0560,True,False,25.0,"",41.916909145,-87.80588412
1313631,2001-01-01T01:30:00.000Z,0460,False,False,18.0,"",41.901904082,-87.628493305
1314729,2001-01-01T01:30:00.000Z,143A,True,False,12.0,"",41.855253074,-87.668729724
1314810,2001-01-01T01:30:00.000Z,141A,True,False,4.0,"",41.74168305,-87.555004205
1316383,2001-01-01T01:30:00.000Z,0430,False,False,25.0,"",41.934391163,-87.717402744
1317209,2001-01-01T01:30:00.000Z,2825,False,False,25.0,"",41.904134224,-87.75888062
1364976,2001-01-01T01:30:00.000Z,0281,False,False,1.0,"",41.887998194,-87.622568135
1310090,2001-01-01T01:31:50.000Z,0460,True,True,5.0,"",41.708680369,-87.627300911
1310090,2001-01-01T01:31:50.000Z,0460,True,True,5.0,"",41.708680369,-87.627300911
1312311,2001-01-01T01:35:00.000Z,041A,False,True,15.0,"",41.894882911,-87.746842815
1312311,2001-01-01T01:35:00.000Z,041A,False,True,15.0,"",41.894882911,-87.746842815
1310115,2001-01-01T01:36:00.000Z,0460,True,False,19.0,"",41.94549641,-87.654975626
1310115,2001-01-01T01:36:00.000Z,0460,True,False,19.0,"",41.94549641,-87.654975626
1311253,2001-01-01T01:39:18.000Z,1310,True,False,24.0,"",42.015918091,-87.669068759
1311253,2001-01-01T01:39:18.000Z,1310,True,False,24.0,"",42.015918091,-87.669068759
1310670,2001-01-01T01:40:00.000Z,0460,True,False,20.0,"",41.97533885,-87.654839226
1917251,2001-01-01T01:40:00.000Z,1310,False,False,10.0,"",41.862518801,-87.69564798
1310670,2001-01-01T01:40:00.000Z,0460,True,False,20.0,"",41.97533885,-87.654839226
1310529,2001-01-01T01:40:23.000Z,143A,False,False,4.0,"",41.703819543,-87.561887888
1310529,2001-01-01T01:40:23.000Z,143A,False,False,4.0,"",41.703819543,-87.561887888
1310510,2001-01-01T01:40:44.000Z,143A,False,False,4.0,"",41.703819543,-87.561887888
1310510,2001-01-01T01:40:44.000Z,143A,False,False,4.0,"",41.703819543,-87.561887888
1310251,2001-01-01T01:41:55.000Z,1310,False,True,4.0,"",41.735015675,-87.545928867
1310251,2001-01-01T01:41:55.000Z,1310,False,True,4.0,"",41.735015675,-87.545928867
1356980,2001-01-01T01:42:10.000Z,143B,False,False,11.0,"",41.878198694,-87.699476221
1356980,2001-01-01T01:42:10.000Z,143B,False,False,11.0,"",41.878198694,-87.699476221
1322861,2001-01-01T01:43:41.000Z,1320,False,False,6.0,"",41.723260516,-87.631262354
1322861,2001-01-01T01:43:41.000Z,1320,False,False,6.0,"",41.723260516,-87.631262354
1311058,2001-01-01T01:45:00.000Z,0820,False,False,17.0,"",41.964434537,-87.709722822
1311058,2001-01-01T01:45:00.000Z,0820,False,False,17.0,"",41.964434537,-87.709722822
1310022,2001-01-01T01:50:00.000Z,0910,True,False,22.0,"",41.685297476,-87.633835206
1313341,2001-01-01T01:50:00.000Z,0326,False,False,2.0,"","",""
1313719,2001-01-01T01:50:00.000Z,1310,True,False,25.0,"",41.926699888,-87.761044775
1310022,2001-01-01T01:50:00.000Z,0910,True,False,22.0,"",41.685297476,-87.633835206
1313341,2001-01-01T01:50:00.000Z,0326,False,False,2.0,"","",""
1313719,2001-01-01T01:50:00.000Z,1310,True,False,25.0,"",41.926699888,-87.761044775
1313240,2001-01-01T01:53:12.000Z,0460,False,False,18.0,"",41.911317045,-87.649870916
1313240,2001-01-01T01:53:12.000Z,0460,False,False,18.0,"",41.911317045,-87.649870916
1311171,2001-01-01T01:53:19.000Z,0460,False,True,24.0,"",42.022644369,-87.673878804
1311171,2001-01-01T01:53:19.000Z,0460,False,True,24.0,"",42.022644369,-87.673878804
1312007,2001-01-01T01:55:00.000Z,0460,False,False,14.0,"",41.907709232,-87.6943388
1312007,2001-01-01T01:55:00.000Z,0460,False,False,14.0,"",41.907709232,-87.6943388
2183320,2001-01-01T02:00:00.000Z,0810,False,False,4.0,52.0,41.698929811,-87.531513502
1310685,2001-01-01T02:00:00.000Z,0910,False,False,15.0,"",41.880302829,-87.768208292
1310814,2001-01-01T02:00:00.000Z,1320,False,False,12.0,"",41.855819273,-87.673642602
1310870,2001-01-01T02:00:00.000Z,1320,False,False,5.0,"",41.705618721,-87.606771496
1311346,2001-01-01T02:00:00.000Z,0820,False,False,16.0,"",41.953483769,-87.750732154
1311353,2001-01-01T02:00:00.000Z,0460,False,True,16.0,"",41.941612482,-87.808231465
1311611,2001-01-01T02:00:00.000Z,1320,False,False,22.0,"",41.689134386,-87.667619536
1311615,2001-01-01T02:00:00.000Z,0610,False,False,20.0,"",41.986619438,-87.656562237
1311976,2001-01-01T02:00:00.000Z,1320,False,False,9.0,"",41.812485655,-87.695707971
1312017,2001-01-01T02:00:00.000Z,0460,False,False,14.0,"",41.927732305,-87.704994447
1312065,2001-01-01T02:00:00.000Z,1310,False,False,2.0,"",41.821403428,-87.621690851
1312119,2001-01-01T02:00:00.000Z,0460,True,False,14.0,"",41.930259276,-87.712984757
1312129,2001-01-01T02:00:00.000Z,0460,False,False,14.0,"",41.905810518,-87.692914023
1312135,2001-01-01T02:00:00.000Z,0810,False,False,14.0,"",41.909706146,-87.688290197
1313193,2001-01-01T02:00:00.000Z,0530,False,False,14.0,"",41.907840069,-87.692210433
1318730,2001-01-01T02:00:00.000Z,1320,False,False,5.0,"",41.712774938,-87.607485683
1319907,2001-01-01T02:00:00.000Z,0460,True,False,8.0,"",41.783840571,-87.723982653
1320075,2001-01-01T02:00:00.000Z,1310,False,False,8.0,"",41.789524008,-87.719345181
1321154,2001-01-01T02:00:00.000Z,0460,False,False,8.0,"",41.783840571,-87.723982653
1354759,2001-01-01T02:00:00.000Z,2825,False,True,6.0,"",41.74906883,-87.633194644
1471591,2001-01-01T02:00:00.000Z,2825,False,True,10.0,"",41.854890506,-87.724094226
1507229,2001-01-01T02:00:00.000Z,2825,False,True,18.0,"",41.898639812,-87.63590856
1619762,2001-01-01T02:00:00.000Z,2825,False,False,4.0,"",41.704952927,-87.563112128
1919239,2001-01-01T02:00:00.000Z,1310,False,False,9.0,"",41.79742679,-87.694049252
1310685,2001-01-01T02:00:00.000Z,0910,False,False,15.0,"",41.880302829,-87.768208292
1310814,2001-01-01T02:00:00.000Z,1320,False,False,12.0,"",41.855819273,-87.673642602
1310870,2001-01-01T02:00:00.000Z,1320,False,False,5.0,"",41.705618721,-87.606771496
1311346,2001-01-01T02:00:00.000Z,0820,False,False,16.0,"",41.953483769,-87.750732154
1311353,2001-01-01T02:00:00.000Z,0460,False,True,16.0,"",41.941612482,-87.808231465
1311611,2001-01-01T02:00:00.000Z,1320,False,False,22.0,"",41.689134386,-87.667619536
1311615,2001-01-01T02:00:00.000Z,0610,False,False,20.0,"",41.986619438,-87.656562237
1311976,2001-01-01T02:00:00.000Z,1320,False,False,9.0,"",41.812485655,-87.695707971
1312017,2001-01-01T02:00:00.000Z,0460,False,False,14.0,"",41.927732305,-87.704994447
1312065,2001-01-01T02:00:00.000Z,1310,False,False,2.0,"",41.821403428,-87.621690851
1312119,2001-01-01T02:00:00.000Z,0460,True,False,14.0,"",41.930259276,-87.712984757
1312129,2001-01-01T02:00:00.000Z,0460,False,False,14.0,"",41.905810518,-87.692914023
1312135,2001-01-01T02:00:00.000Z,0810,False,False,14.0,"",41.909706146,-87.688290197
1313193,2001-01-01T02:00:00.000Z,0530,False,False,14.0,"",41.907840069,-87.692210433
1318730,2001-01-01T02:00:00.000Z,1320,False,False,5.0,"",41.712774938,-87.607485683
1319907,2001-01-01T02:00:00.000Z,0460,True,False,8.0,"",41.783840571,-87.723982653
1320075,2001-01-01T02:00:00.000Z,1310,False,False,8.0,"",41.789524008,-87.719345181
1321154,2001-01-01T02:00:00.000Z,0460,False,False,8.0,"",41.783840571,-87.723982653
1354759,2001-01-01T02:00:00.000Z,2825,False,True,6.0,"",41.74906883,-87.633194644
1927505,2001-01-01T02:02:00.000Z,1330,False,False,11.0,"",41.890714385,-87.72365477
1310370,2001-01-01T02:02:52.000Z,051A,False,False,9.0,"",41.801081313,-87.668277547
1310370,2001-01-01T02:02:52.000Z,051A,False,False,9.0,"",41.801081313,-87.668277547
1316368,2001-01-01T02:06:00.000Z,1320,False,False,25.0,"",41.920788627,-87.7205907
1316368,2001-01-01T02:06:00.000Z,1320,False,False,25.0,"",41.920788627,-87.7205907
1310247,2001-01-01T02:08:15.000Z,1340,True,True,5.0,"",41.65563052,-87.593841735
1310247,2001-01-01T02:08:15.000Z,1340,True,True,5.0,"",41.65563052,-87.593841735
1322873,2001-01-01T02:08:17.000Z,1340,True,False,6.0,"",41.755369266,-87.640357155
1322873,2001-01-01T02:08:17.000Z,1340,True,False,6.0,"",41.755369266,-87.640357155
1311222,2001-01-01T02:09:52.000Z,1330,True,False,19.0,"",41.947316112,-87.65641936
1311222,2001-01-01T02:09:52.000Z,1330,True,False,19.0,"",41.947316112,-87.65641936
1311262,2001-01-01T02:10:00.000Z,1320,True,False,19.0,"",41.956242281,-87.669449864
1311262,2001-01-01T02:10:00.000Z,1320,True,False,19.0,"",41.956242281,-87.669449864
1310087,2001-01-01T02:10:41.000Z,0460,False,False,10.0,"",41.859959896,-87.711432753
1310087,2001-01-01T02:10:41.000Z,0460,False,False,10.0,"",41.859959896,-87.711432753
1310258,2001-01-01T02:15:00.000Z,1320,False,False,3.0,"",41.776944007,-87.600409053
1310282,2001-01-01T02:15:00.000Z,0560,False,False,11.0,"",41.87278443,-87.714598271
1310635,2001-01-01T02:15:00.000Z,1310,False,False,20.0,"",41.982294987,-87.693479563
1311060,2001-01-01T02:15:00.000Z,0460,True,False,12.0,"",41.854102319,-87.677162002
1311219,2001-01-01T02:15:00.000Z,0420,False,False,24.0,"",42.019337129,-87.680511382
1311703,2001-01-01T02:15:00.000Z,0460,False,True,7.0,"",41.76766735,-87.640957955
1313747,2001-01-01T02:15:00.000Z,0460,True,False,18.0,"",41.903823145,-87.629078317
1310258,2001-01-01T02:15:00.000Z,1320,False,False,3.0,"",41.776944007,-87.600409053
1310282,2001-01-01T02:15:00.000Z,0560,False,False,11.0,"",41.87278443,-87.714598271
1310635,2001-01-01T02:15:00.000Z,1310,False,False,20.0,"",41.982294987,-87.693479563
1311060,2001-01-01T02:15:00.000Z,0460,True,False,12.0,"",41.854102319,-87.677162002
1311219,2001-01-01T02:15:00.000Z,0420,False,False,24.0,"",42.019337129,-87.680511382
1311703,2001-01-01T02:15:00.000Z,0460,False,True,7.0,"",41.76766735,-87.640957955
1313747,2001-01-01T02:15:00.000Z,0460,True,False,18.0,"",41.903823145,-87.629078317
1325118,2001-01-01T02:15:39.000Z,2250,True,False,12.0,"",41.891004313,-87.686851377
1325118,2001-01-01T02:15:39.000Z,2250,True,False,12.0,"",41.891004313,-87.686851377
1311044,2001-01-01T02:15:55.000Z,143A,True,False,12.0,"",41.886908599,-87.640053861
1311044,2001-01-01T02:15:55.000Z,143A,True,False,12.0,"",41.886908599,-87.640053861
1919445,2001-01-01T02:16:00.000Z,041A,False,False,7.0,"",41.791916874,-87.667110822
1319775,2001-01-01T02:20:00.000Z,143A,True,False,2.0,"",41.839874474,-87.627820281
1319775,2001-01-01T02:20:00.000Z,143A,True,False,2.0,"",41.839874474,-87.627820281
1311528,2001-01-01T02:22:33.000Z,0935,True,False,10.0,"",41.851653723,-87.724884729
1311599,2001-01-01T02:22:33.000Z,1320,True,False,10.0,"",41.847730329,-87.733928685
1311528,2001-01-01T02:22:33.000Z,0935,True,False,10.0,"",41.851653723,-87.724884729
1311599,2001-01-01T02:22:33.000Z,1320,True,False,10.0,"",41.847730329,-87.733928685
1310287,2001-01-01T02:27:48.000Z,1563,False,False,4.0,"",41.738636878,-87.578032653
1310287,2001-01-01T02:27:48.000Z,1563,False,False,4.0,"",41.738636878,-87.578032653
1311080,2001-01-01T02:28:56.000Z,0460,True,True,12.0,"",41.891564177,-87.684425391
1311080,2001-01-01T02:28:56.000Z,0460,True,True,12.0,"",41.891564177,-87.684425391
1324655,2001-01-01T02:29:00.000Z,1811,True,False,6.0,"",41.75088423,-87.623140934
1324655,2001-01-01T02:29:00.000Z,1811,True,False,6.0,"",41.75088423,-87.623140934
1322907,2001-01-01T02:29:12.000Z,1310,False,False,6.0,"",41.75654927,-87.635814477
1322907,2001-01-01T02:29:12.000Z,1310,False,False,6.0,"",41.75654927,-87.635814477
1309962,2001-01-01T02:30:00.000Z,0460,False,True,18.0,"",41.920928909,-87.648754209
1310023,2001-01-01T02:30:00.000Z,0460,False,False,1.0,"",41.875259759,-87.624398328
1310442,2001-01-01T02:30:00.000Z,0460,True,True,2.0,"",41.82802325,-87.608192273
1311065,2001-01-01T02:30:00.000Z,0460,True,True,17.0,"",41.961670844,-87.732310463
1311460,2001-01-01T02:30:00.000Z,0460,False,False,19.0,"",41.939620386,-87.683324586
1315657,2001-01-01T02:30:00.000Z,0610,False,False,11.0,"",41.90245966,-87.732491392
1319945,2001-01-01T02:30:00.000Z,0560,False,False,8.0,"",41.78613651,-87.717100466
1402420,2001-01-01T02:30:00.000Z,0460,False,False,18.0,"",41.895810339,-87.631377495
1309962,2001-01-01T02:30:00.000Z,0460,False,True,18.0,"",41.920928909,-87.648754209
1310023,2001-01-01T02:30:00.000Z,0460,False,False,1.0,"",41.875259759,-87.624398328
1310442,2001-01-01T02:30:00.000Z,0460,True,True,2.0,"",41.82802325,-87.608192273
1311065,2001-01-01T02:30:00.000Z,0460,True,True,17.0,"",41.961670844,-87.732310463
1311460,2001-01-01T02:30:00.000Z,0460,False,False,19.0,"",41.939620386,-87.683324586
1315657,2001-01-01T02:30:00.000Z,0610,False,False,11.0,"",41.90245966,-87.732491392
1319945,2001-01-01T02:30:00.000Z,0560,False,False,8.0,"",41.78613651,-87.717100466
1402420,2001-01-01T02:30:00.000Z,0460,False,False,18.0,"",41.895810339,-87.631377495
1311234,2001-01-01T02:34:00.000Z,1310,True,True,2.0,"",41.805211331,-87.622878714
1311234,2001-01-01T02:34:00.000Z,1310,True,True,2.0,"",41.805211331,-87.622878714
1311379,2001-01-01T02:35:00.000Z,0460,True,True,19.0,"",41.964108286,-87.679203948
1311379,2001-01-01T02:35:00.000Z,0460,True,True,19.0,"",41.964108286,-87.679203948
1310239,2001-01-01T02:35:59.000Z,0460,False,True,5.0,"",41.681112441,-87.628905571
1310239,2001-01-01T02:35:59.000Z,0460,False,True,5.0,"",41.681112441,-87.628905571
1310103,2001-01-01T02:37:39.000Z,143A,True,False,4.0,"",41.740589898,-87.556490383
1310103,2001-01-01T02:37:39.000Z,143A,True,False,4.0,"",41.740589898,-87.556490383
1311356,2001-01-01T02:40:00.000Z,3710,True,False,19.0,"",41.939550733,-87.689959573
1333188,2001-01-01T02:40:00.000Z,2825,False,True,5.0,"",41.663122556,-87.643718656
1311356,2001-01-01T02:40:00.000Z,3710,True,False,19.0,"",41.939550733,-87.689959573
1333188,2001-01-01T02:40:00.000Z,2825,False,True,5.0,"",41.663122556,-87.643718656
1311181,2001-01-01T02:40:36.000Z,1310,False,False,24.0,"",42.019270616,-87.672246584
1311181,2001-01-01T02:40:36.000Z,1310,False,False,24.0,"",42.019270616,-87.672246584
1311270,2001-01-01T02:44:45.000Z,1320,False,False,2.0,"",41.799621264,-87.617578597
1311270,2001-01-01T02:44:45.000Z,1320,False,False,2.0,"",41.799621264,-87.617578597
1310056,2001-01-01T02:45:00.000Z,1320,False,False,20.0,"",41.968812202,-87.682645472
1311187,2001-01-01T02:45:00.000Z,051A,False,True,17.0,"",41.939960433,-87.697990154
1918958,2001-01-01T02:45:00.000Z,1310,False,False,9.0,"",41.79511704,-87.695205382
1310056,2001-01-01T02:45:00.000Z,1320,False,False,20.0,"",41.968812202,-87.682645472
1311187,2001-01-01T02:45:00.000Z,051A,False,True,17.0,"",41.939960433,-87.697990154
1310531,2001-01-01T02:47:24.000Z,0460,False,True,10.0,"",41.856621732,-87.723501487
1310531,2001-01-01T02:47:24.000Z,0460,False,True,10.0,"",41.856621732,-87.723501487
1313681,2001-01-01T02:48:09.000Z,0460,True,False,18.0,"",41.892278121,-87.634012831
1313681,2001-01-01T02:48:09.000Z,0460,True,False,18.0,"",41.892278121,-87.634012831
1310323,2001-01-01T02:50:00.000Z,1320,False,False,22.0,"",41.699821414,-87.649493199
1310618,2001-01-01T02:50:00.000Z,0460,True,False,15.0,"",41.884859697,-87.766824049
1312141,2001-01-01T02:50:00.000Z,0460,False,True,25.0,"",41.917628878,-87.73284147
1315973,2001-01-01T02:50:00.000Z,0460,False,False,9.0,"",41.802818642,-87.687063751
1310323,2001-01-01T02:50:00.000Z,1320,False,False,22.0,"",41.699821414,-87.649493199
1310618,2001-01-01T02:50:00.000Z,0460,True,False,15.0,"",41.884859697,-87.766824049
1312141,2001-01-01T02:50:00.000Z,0460,False,True,25.0,"",41.917628878,-87.73284147
1315973,2001-01-01T02:50:00.000Z,0460,False,False,9.0,"",41.802818642,-87.687063751
1310333,2001-01-01T02:55:00.000Z,1320,False,False,22.0,"",41.684707536,-87.662858334
1314299,2001-01-01T02:55:00.000Z,1310,False,False,11.0,"",41.901715435,-87.735543563
1310333,2001-01-01T02:55:00.000Z,1320,False,False,22.0,"",41.684707536,-87.662858334
1314299,2001-01-01T02:55:00.000Z,1310,False,False,11.0,"",41.901715435,-87.735543563
1310088,2001-01-01T02:55:55.000Z,0313,False,False,19.0,"",41.967994437,-87.657472775
1310088,2001-01-01T02:55:55.000Z,0313,False,False,19.0,"",41.967994437,-87.657472775
1311322,2001-01-01T02:59:29.000Z,0460,False,True,19.0,"",41.944614022,-87.678348304
1311322,2001-01-01T02:59:29.000Z,0460,False,True,19.0,"",41.944614022,-87.678348304
1309919,2001-01-01T03:00:00.000Z,0810,False,False,12.0,"",41.891086873,-87.667205162
1309948,2001-01-01T03:00:00.000Z,0820,False,False,9.0,"",41.830841773,-87.630737477
1309979,2001-01-01T03:00:00.000Z,0820,False,False,9.0,"","",""
1310397,2001-01-01T03:00:00.000Z,2825,False,False,22.0,"",41.688676538,-87.638488574
1310571,2001-01-01T03:00:00.000Z,1320,False,False,8.0,"",41.784644783,-87.724008038
1310592,2001-01-01T03:00:00.000Z,1320,False,False,17.0,"",41.958466666,-87.714431898
1310634,2001-01-01T03:00:00.000Z,1320,False,False,14.0,"",41.928230808,-87.709855061
1310693,2001-01-01T03:00:00.000Z,1310,False,False,2.0,"",41.84187918,-87.623148495
1310725,2001-01-01T03:00:00.000Z,0910,True,False,8.0,"",41.793537313,-87.709372575
1310818,2001-01-01T03:00:00.000Z,0910,False,False,17.0,"",41.961305156,-87.703510211
1310831,2001-01-01T03:00:00.000Z,0810,False,False,24.0,"",41.995600771,-87.697282534
1310887,2001-01-01T03:00:00.000Z,0820,False,False,12.0,"",41.886910618,-87.645867372
1310985,2001-01-01T03:00:00.000Z,0820,False,False,14.0,"",41.924963191,-87.692546132
1311178,2001-01-01T03:00:00.000Z,0281,True,True,24.0,"",42.000646853,-87.682508861
1311318,2001-01-01T03:00:00.000Z,041A,False,False,25.0,"",41.924150943,-87.761133698
1311336,2001-01-01T03:00:00.000Z,0325,False,False,14.0,"",41.90339556,-87.671136371
1311371,2001-01-01T03:00:00.000Z,2825,False,False,4.0,"",41.726437205,-87.558477907
1311394,2001-01-01T03:00:00.000Z,1310,False,False,18.0,"",41.90788098,-87.628934529
1311646,2001-01-01T03:00:00.000Z,0610,False,False,19.0,"",41.953130823,-87.664331687
1312038,2001-01-01T03:00:00.000Z,1320,False,False,25.0,"",41.90973955,-87.745637767
1312185,2001-01-01T03:00:00.000Z,1310,False,False,15.0,"",41.869665875,-87.773203443
1312466,2001-01-01T03:00:00.000Z,1320,False,False,3.0,"",41.769411095,-87.572572689
1312737,2001-01-01T03:00:00.000Z,0320,False,False,18.0,"",41.888112342,-87.628174848